creator,frame_path
..khatho,C:\Users\vladimir\PyCharmMiscProject\results_4\..khatho\7538408734909828360\frames\7538408734909828360_05.jpg
adam.digital,C:\Users\vladimir\PyCharmMiscProject\results_4\adam.digital\7536920740252110098\frames\7536920740252110098_05.jpg
aianajuarezofficial,C:\Users\vladimir\PyCharmMiscProject\results_4\aianajuarezofficial\7533259113531198738\frames\7533259113531198738_05.jpg
alabialasela4,C:\Users\vladimir\PyCharmMiscProject\results_4\alabialasela4\7533666264028318998\frames\7533666264028318998_05.jpg
alicia.s5000,C:\Users\vladimir\PyCharmMiscProject\results_4\alicia.s5000\7519982202084510983\frames\7519982202084510983_05.jpg
alliecatcosplay,C:\Users\vladimir\PyCharmMiscProject\results_4\alliecatcosplay\7536332422464523550\frames\7536332422464523550_05.jpg
alyseee_xofit,C:\Users\vladimir\PyCharmMiscProject\results_4\alyseee_xofit\7516682437699652878\frames\7516682437699652878_05.jpg
amanda_hadzimichalis,C:\Users\vladimir\PyCharmMiscProject\results_4\amanda_hadzimichalis\7537750886391500046\frames\7537750886391500046_05.jpg
andrew_campen,C:\Users\vladimir\PyCharmMiscProject\results_4\andrew_campen\7538085297624534302\frames\7538085297624534302_05.jpg
ayoubcheri15,C:\Users\vladimir\PyCharmMiscProject\results_4\ayoubcheri15\7531787364159540498\frames\7531787364159540498_05.jpg
beduyzuize,C:\Users\vladimir\PyCharmMiscProject\results_4\beduyzuize\7538031665239657736\frames\7538031665239657736_05.jpg
bibaelegante,C:\Users\vladimir\PyCharmMiscProject\results_4\bibaelegante\7536397218127858951\frames\7536397218127858951_05.jpg
bishopmbengue,C:\Users\vladimir\PyCharmMiscProject\results_4\bishopmbengue\7504286724218981687\frames\7504286724218981687_05.jpg
boburmma92,C:\Users\vladimir\PyCharmMiscProject\results_4\boburmma92\7510159680593743111\frames\7510159680593743111_05.jpg
cboston16,C:\Users\vladimir\PyCharmMiscProject\results_4\cboston16\7536770982527143199\frames\7536770982527143199_05.jpg
chandrika_keralam,C:\Users\vladimir\PyCharmMiscProject\results_4\chandrika_keralam\7508818792185629960\frames\7508818792185629960_05.jpg
colleeneferrer,C:\Users\vladimir\PyCharmMiscProject\results_4\colleeneferrer\7536886085104798984\frames\7536886085104798984_05.jpg
coumbashouse,C:\Users\vladimir\PyCharmMiscProject\results_4\coumbashouse\7538556364847713542\frames\7538556364847713542_05.jpg
craftylumberjacks,C:\Users\vladimir\PyCharmMiscProject\results_4\craftylumberjacks\7532110674806295838\frames\7532110674806295838_05.jpg
crazydaisymiami21,C:\Users\vladimir\PyCharmMiscProject\results_4\crazydaisymiami21\7518050752997166367\frames\7518050752997166367_05.jpg
da.rafiki,C:\Users\vladimir\PyCharmMiscProject\results_4\da.rafiki\7451215390966828334\frames\7451215390966828334_05.jpg
deborahteran26,C:\Users\vladimir\PyCharmMiscProject\results_4\deborahteran26\7536384270533741830\frames\7536384270533741830_05.jpg
dejjanicole,C:\Users\vladimir\PyCharmMiscProject\results_4\dejjanicole\7537054154909289783\frames\7537054154909289783_05.jpg
diaryoflalalindseay,C:\Users\vladimir\PyCharmMiscProject\results_4\diaryoflalalindseay\7532561582740540686\frames\7532561582740540686_05.jpg
dimashreim,C:\Users\vladimir\PyCharmMiscProject\results_4\dimashreim\7534688350016490768\frames\7534688350016490768_05.jpg
djhugogt,C:\Users\vladimir\PyCharmMiscProject\results_4\djhugogt\7460603545214307630\frames\7460603545214307630_05.jpg
dr.jessy09,C:\Users\vladimir\PyCharmMiscProject\results_4\dr.jessy09\7536844586967190840\frames\7536844586967190840_05.jpg
em1loba,C:\Users\vladimir\PyCharmMiscProject\results_4\em1loba\7534865623185214738\frames\7534865623185214738_05.jpg
gabytza001,C:\Users\vladimir\PyCharmMiscProject\results_4\gabytza001\7274368353844661537\frames\7274368353844661537_05.jpg
gateauty,C:\Users\vladimir\PyCharmMiscProject\results_4\gateauty\7530990970683362580\frames\7530990970683362580_05.jpg
geekoutmx,C:\Users\vladimir\PyCharmMiscProject\results_4\geekoutmx\7529688466469211399\frames\7529688466469211399_05.jpg
gymnadz,C:\Users\vladimir\PyCharmMiscProject\results_4\gymnadz\7533382756768779528\frames\7533382756768779528_05.jpg
hachireview74,C:\Users\vladimir\PyCharmMiscProject\results_4\hachireview74\7528620276293176584\frames\7528620276293176584_05.jpg
hanji_gaming,C:\Users\vladimir\PyCharmMiscProject\results_4\hanji_gaming\7534945009972415751\frames\7534945009972415751_05.jpg
jadou_2528,C:\Users\vladimir\PyCharmMiscProject\results_4\jadou_2528\7532550009011621142\frames\7532550009011621142_05.jpg
jadzia.kim,C:\Users\vladimir\PyCharmMiscProject\results_4\jadzia.kim\7535942391572794657\frames\7535942391572794657_05.jpg
kashii996insta,C:\Users\vladimir\PyCharmMiscProject\results_4\kashii996insta\7537621522068851990\frames\7537621522068851990_05.jpg
kennyroog,C:\Users\vladimir\PyCharmMiscProject\results_4\kennyroog\7531863754066169106\frames\7531863754066169106_05.jpg
lasvegasfill,C:\Users\vladimir\PyCharmMiscProject\results_4\lasvegasfill\7537827286649703735\frames\7537827286649703735_05.jpg
lospayasosmasvirales,C:\Users\vladimir\PyCharmMiscProject\results_4\lospayasosmasvirales\7529754258812554502\frames\7529754258812554502_05.jpg
loveemanda,C:\Users\vladimir\PyCharmMiscProject\results_4\loveemanda\7537408846118145311\frames\7537408846118145311_05.jpg
lyma.jkt,C:\Users\vladimir\PyCharmMiscProject\results_4\lyma.jkt\7517629782662663480\frames\7517629782662663480_05.jpg
malek.hac,C:\Users\vladimir\PyCharmMiscProject\results_4\malek.hac\7536290743996910870\frames\7536290743996910870_05.jpg
marielmedina90,C:\Users\vladimir\PyCharmMiscProject\results_4\marielmedina90\7530415685164436754\frames\7530415685164436754_05.jpg
mattisoncurtlynn,C:\Users\vladimir\PyCharmMiscProject\results_4\mattisoncurtlynn\7536812940469505335\frames\7536812940469505335_05.jpg
meikeire_,C:\Users\vladimir\PyCharmMiscProject\results_4\meikeire_\7535254317465423160\frames\7535254317465423160_05.jpg
mirko_mormile,C:\Users\vladimir\PyCharmMiscProject\results_4\mirko_mormile\7534805693963029815\frames\7534805693963029815_05.jpg
netra_23,C:\Users\vladimir\PyCharmMiscProject\results_4\netra_23\7504346269695905067\frames\7504346269695905067_05.jpg
pjfperformance,C:\Users\vladimir\PyCharmMiscProject\results_4\pjfperformance\7534390860113284407\frames\7534390860113284407_05.jpg
popsiclemaker_,C:\Users\vladimir\PyCharmMiscProject\results_4\popsiclemaker_\7535628973355601207\frames\7535628973355601207_05.jpg
puncha.patisserie,C:\Users\vladimir\PyCharmMiscProject\results_4\puncha.patisserie\7484072673136348421\frames\7484072673136348421_05.jpg
renzuwuu,C:\Users\vladimir\PyCharmMiscProject\results_4\renzuwuu\7535761186403519762\frames\7535761186403519762_05.jpg
rojruay2465,C:\Users\vladimir\PyCharmMiscProject\results_4\rojruay2465\7259739866815122694\frames\7259739866815122694_05.jpg
sasha.yakubova,C:\Users\vladimir\PyCharmMiscProject\results_4\sasha.yakubova\7527017561020435719\frames\7527017561020435719_05.jpg
simoncisnerospro,C:\Users\vladimir\PyCharmMiscProject\results_4\simoncisnerospro\7528967148308335880\frames\7528967148308335880_05.jpg
smarttech_ai,C:\Users\vladimir\PyCharmMiscProject\results_4\smarttech_ai\7537842659457535262\frames\7537842659457535262_05.jpg
soytonyet,C:\Users\vladimir\PyCharmMiscProject\results_4\soytonyet\7538412549520264470\frames\7538412549520264470_05.jpg
stephanyandrea,C:\Users\vladimir\PyCharmMiscProject\results_4\stephanyandrea\7530018647788555551\frames\7530018647788555551_05.jpg
straw_hat00,C:\Users\vladimir\PyCharmMiscProject\results_4\straw_hat00\7532940779451370774\frames\7532940779451370774_05.jpg
swlking,C:\Users\vladimir\PyCharmMiscProject\results_4\swlking\7530482770334846216\frames\7530482770334846216_05.jpg
sydnie_green,C:\Users\vladimir\PyCharmMiscProject\results_4\sydnie_green\7537763960632691998\frames\7537763960632691998_05.jpg
techcraze1,C:\Users\vladimir\PyCharmMiscProject\results_4\techcraze1\7491315942744427783\frames\7491315942744427783_05.jpg
user07824477,C:\Users\vladimir\PyCharmMiscProject\results_4\user07824477\7231636539934084359\frames\7231636539934084359_05.jpg
vieon.official,C:\Users\vladimir\PyCharmMiscProject\results_4\vieon.official\7538349480878378295\frames\7538349480878378295_05.jpg
watan9464,C:\Users\vladimir\PyCharmMiscProject\results_4\watan9464\7536340130831879446\frames\7536340130831879446_05.jpg
yulia_chash,C:\Users\vladimir\PyCharmMiscProject\results_4\yulia_chash\7531493150800612613\frames\7531493150800612613_05.jpg
zyad_tasty,C:\Users\vladimir\PyCharmMiscProject\results_4\zyad_tasty\7535430551826648325\frames\7535430551826648325_05.jpg
