creator,cluster_id
.listl,6
100mak_officiel,8
abas_vlog,6
9baii7,5
abdoul.fatao.tarn4,8
aboubacar_aminullah,8
abbie_tolentino,2
adrianomoraes.adv,5
abby_bergman_0,0
adventure_puertorico,6
adam.digital,4
agentdamion,3
aianajuarezofficial,1
ajmanas.pool,2
alabialasela4,8
ageu_ribeiro,4
alenkahuliganka5,1
alicia.s5000,0
alisonwilensky,0
alliecatcosplay,0
alliefaithnix,6
amberdoigthorne,3
amanda_hadzimichalis,0
anas_gm,2
alyseee_xofit,1
andellelee,0
andrea_tamasi,3
andrew_campen,1
annieshorror_,0
angiandderya,0
anhaiden2105,2
arnoldsaviour,8
ayatitoual,6
antoinepintoofficial,5
ari.tamayo,3
babygirlulee,0
bahram.bahrami.cologne,3
barcelone121,9
barsha.panday4,6
ayoubcheri15,2
baonguisnina,0
bayron_c_n7,9
beautyby.nita,1
ben_le_patriote,2
bibaelegante,0
billionairetv,6
binoddahal242,1
benjaminartssupplier254a,6
bishopmbengue,3
bnkteamhihi,5
boburmma92,1
beduyzuize,1
boogeraids01,2
camilanel20,7
callmevaris,1
budobrothers,1
cardsbygretch,3
carrieberkk,0
carrotsurvivor,3
catluminati,3
cancris7,9
chandrika_keralam,1
chenarabdulqadir4,1
christianitycorett,2
cboston16,0
chelseareads,0
char_mamatotwingirls,3
chilly2x,4
chuy.atleticos.y.refere,2
cocomartin_ccm,5
clipeadoss,2
clikcc,3
cothuymc,5
colleeneferrer,0
coumbashouse,3
cohenvoi.saigon,6
crazydaisymiami21,3
craftylumberjacks,3
cotrim13d,3
da.rafiki,2
deborahteran26,0
csecseattila,2
daliparedes94,6
diamalayestaffeur,3
dejjanicole,0
diaryoflalalindseay,0
dimashreim,0
destinylashaemakeup,3
dkhongan,6
djhugogt,2
dr.jessy09,0
dr_afiya_sadiqi,5
drareejzulfiqar,5
dozoboss1,8
dmitroignatov,2
drukpa0296,3
dudufootz,2
duongsinhcoba,3
elleluishoppingbybikat11,1
duydocau,6
elijahxsired,3
elshinzhanerke1,1
emmaavishort,3
ethanadrian666,6
erispatv,8
em1loba,0
fallouloufaly,6
ferislasmistikaa,2
filhadorei539,8
fifatrainingcentre,9
gabytza001,6
falaserionedani,2
gateauty,7
foodiestefa_invita,1
geesteel1,0
giulianacascone2,2
gloriaflagbo,1
ggexotics,6
goateebeardcare,3
geekoutmx,4
guizin.eafc,9
gymnadz,0
hacker_mm0,6
granorquesta.oficial,1
griggstv,8
hamitjiyanbider,8
hachireview74,7
haquechy_01,5
hanh_moe,3
hannahevana,0
hashimss5,6
hanji_gaming,4
hennen_workouts,3
helenowen,6
iamkizii,8
humanbrat_,0
imranyou55,8
iamjumo,0
iloveyoudigital,5
imagichairstyle,3
islandgirl8173,1
isaacobrr,6
jadou_2528,0
jackthepoolboy,0
jadepacileo,0
jaktodaleko,2
jadzia.kim,5
jaylenwadeanime,2
jazdire,8
jeosprojex,6
jessandjakeofficial,0
josejayparker,8
josepthovalle,1
joegambino2,1
juliaaraleigh,0
jormiellabador,1
kashii996insta,7
kausarahmed635,6
karen_in_qatar,6
keak_slot,4
karllagerfeld,3
kimkiddoh2020,8
kissaikouma,8
kennyroog,0
lahoussinebouizakarne75,8
kitcatt13,3
laila_lailaq,0
lakasud.com,4
khally_dance,8
lapiadiaz,2
latesha.bby,0
laragya_,1
lasvegasfill,7
lauren_angelina_,1
laurenlovelessss,0
lesrazpoukets,3
lea_navvab,0
lifeofkenziew,1
linhnguyenlb,2
leniuszkiwtrasie,2
linstantnoodles_,1
lolicoquette,6
littleyeg,0
lorenelaplusbelle,1
lolo_genx_,3
lofiofficial,6
lospayasosmasvirales,1
lovers_of_fig_trees,6
loveemanda,0
lukaswala,1
maciuss17,2
lyma.jkt,7
malek.hac,0
mamadramahr,1
maliksohailwadd3,8
luiza_mayers,1
mandasmoraes,1
marieyolenejean2,6
mamiserce,2
marielmedina90,7
mattisoncurtlynn,0
mayranotes,0
mdshakiloffcial07,8
meikeire_,4
meyaii1,4
melodiethecavapoo,3
melissaseabra,7
misskarma01,8
mirko_mormile,2
mohammadsohag94,1
mizuno.rikka,0
mryang_english,5
mustaph_mustaph,6
nancyqueenee_04,0
neh_oh,8
netra_23,0
muathaoxinh,1
nisiaatewu,0
nokusho.zibhoma.1,1
nomonde_sky02,8
noonja2530,0
normanproton,6
ntentantt1,8
overthinking.studio,1
nutcasejay,6
panget_ako05,0
papa.wade,8
pinky.hana.ammar,1
pcoscoachbarbie,0
olivialeclerc1,0
paireyewear,0
pjfperformance,1
pro_razvitie_rebenka,3
popsiclemaker_,3
pubersvragen,2
qaiserbumaye,8
projetofarma,3
quynhmit3105,0
radjai09,1
puncha.patisserie,7
puppy16hp,0
rakibuddin493,0
qusaimlhem,8
redisoncompany,3
razvansilviu11,2
rence.d,2
rensyschneider,2
rebecca.sowden,0
raniel214,8
reydynalrynaldi,2
renzuwuu,2
rezafzl.id07,6
rfmlofficiel,8
rg4_skiel,2
ridukushmidahit,1
rojruay2465,6
rodricr527,3
ronald43m,2
rowwxee,0
ritlisistas,0
royblot_,6
rolopolotv,4
samixstreets,5
saladboonchuy,7
saryvk,2
sarahkatereynolds,0
saoleyv,2
seydina1103,8
sasha.yakubova,3
shibalove,3
simionflorin23,6
silvanarm_,0
sergheimizil,2
simoncisnerospro,0
soytonyet,3
sofiafierroq,0
smarttech_ai,4
straw_hat00,4
siovera,1
stwoichs,0
stephanyandrea,3
summernoel_,0
swagg.boiz,6
sunflow3rsamurai,3
swlking,6
syedsahidan,5
taipoov,2
tatobalderrama,2
techtalkng,4
sydnie_green,0
tashaeliett,1
techcraze1,4
thanhxuan1209,1
thatguywhoduets,2
theeprettychef_home,7
thantamthao47,0
thatandu,7
thegeomedic,2
thepandaman_official,2
tokimino8236,0
tipsfromdeadpeople,2
tortoise_walk,2
theukphonefixer,3
tiktok.tabbi,0
trieukhanhnuhuong,6
tranthutrang205,1
user07824477,6
tristen.erickson_,1
trutech,3
vieon.official,5
watan9464,1
walid_alsaleh,2
vitoriamassarico,0
weddingplanner.veracruz,6
wiambaashar1,0
woke_reg,2
yosoylauniversa,0
wyamarce,2
xmaciek00,2
younesidrissi_,2
yulia_chash,0
zyad_tasty,7
zanysena,0
..khatho,0
