query,creator,transcription_snippet
cooking,alansleftnu,"I don't care if it hurts, i wanna have control. No, I don't have a gun."
cooking,ayoubcheri15,Rwy'n meddwl am ychydig. اعطي واحد لكله ووحد الكولغ زاميلون جدا Rwy'n meddwl am ychydig. انا لديهم عصر الليمون وانا ديه البلو بيروس أدى واحيلة الليمينتي سيدباش يواحد يعولني يجب أن تكون الله قد بها في اليوتيوب كلكي وليلان
cooking,beautyby.nita,Rwy'n meddwl am ychydig. Hey! از قدوم ها کچرا Do you
cooking,callmevaris,"If you want to confess, I'll look at somebody else I'm with the squad, B."
cooking,chandrika_keralam,"Rwy'n meddwl am ychydig. நீ என்னைக் காபலித்தும், மகளா, மகளா? இந்ஞெண்டில் அந்த விற்சம் ரயவின்ன, மயமின். ஆரும்பிடையாணச் செல்கிறேன். Rwy'n meddwl am ychydig. ḍᵃᶦᵉ"
cooking,em1loba,"In the land of a million crumbs there is always something going on If you can't look at your dog, dog might diss we're gonna take yo dead home this bitch. Don't wanna grow up, I want to get out Hey! Save me away."
cooking,gateauty,Rwy'n meddwl am ychydig. يجب أن تأخذ هذه الصفحة وها دا خفي في غرف الفرن كتكله غير هكذا او اللي فصود بيتش مع الحركية جاي بنين مزل أول حاجات قديمة بتاطلة كان القطاع عارقائقة قضاء من البعث صغيرة مش طبيلكم ضغيع Rwy'n meddwl 
cooking,goateebeardcare,"Come on, baby. Rwy'n meddwl am ychydig. අපි Rwy'n meddwl am ychydig. kwa wajibu na urola, yadziria kuha mwazin wa dima rola."
cooking,gymnadz,Rwy'n meddwl am ychydig. مالذي تريد؟ Rwy'n meddwl am ychydig. سناك عندي اللي بتساعدني انزل وازن
cooking,jadou_2528,Yet you think we're the same The scarlet falls as our child that makes us up at all you you
cooking,kashii996insta,"Rwy'n meddwl am ychydig. Ja po dwóch dniach wesela. Rwy'n meddwl am ychydig. I z całą blachę szarlotki i wystarczy sobie tylko 540 kalorii Co pranta jest to mini-blaszka, ale dostarczysz sobie jeszcze 28 g białka Lecimy "
cooking,laila_lailaq,يجب عليك أن أعيش نقرأة مستوى وأدوره إحساد الله وإنصماء المآله هو يريدي كيمون وسيرارت اغني صناماً هي جاوسها سياليا وخطو مانية عميت بغير يهلي واعايش لاشوا معك والسلامة معتوش السحرية اللي يورمع تمرك دليا النص ما قد رجق عنها
cooking,lasvegasfill,Rwy'n meddwl am ychydig. I prefer my empanadas baked instead of fried like Rwy'n meddwl am ychydig. offers an exceptional Japanese dye experience in the comfort of your home for a group Rwy'n meddwl am ychydig. is a popu
cooking,lofiofficial,I would have done whatever And i just can't believe we ain't together You the loving that you're missing baby just to wake up with. You will be everything I need and this could Be so different tell me what? I know
cooking,loveemanda,"Rwy'n meddwl am ychydig. having a special wing deal online for only $19.99 you're able to get 20 wings, A large fry and 4 dips For my wing flavors of course I had the mango habanero Thai curry BBQ ranch And honey garlic "
cooking,lyma.jkt,"Rwy'n meddwl am ychydig. Take me back to the ground Rwy'n meddwl am ychydig. eh bagi dong ambil makasih ya lah kok abis sih? yaudah sih tadi kan udah bilang, frit banget yang gak diabisin juga kali bila lagi deh gue iya "
cooking,marielmedina90,"Rwy'n meddwl am ychydig. A ver, yo no soy experta en fotografía pero hoy me enseñaron a hacer unas tomas que segundo concurso de cocina y es que algo lo he podido confirmar la práctica del maestro así en nunca suficiente"
cooking,mattisoncurtlynn,you Rwy'n meddwl am ychydig. It's like do you love me tonight? ლᴗˢᵕ
cooking,puncha.patisserie,"අපි Selamat tinggal! Worthy of abundance, I open the door. Money loves me and it comes more & More!"
cooking,rojruay2465,ถึงจะเกิดมาไม่มีครูก็ขอให้อยู่ยังมีคา ได้เห็นหน่าเจ้า เชื่อเดียวกับมากเลย แค่คิดถึงเธอ ก็เหมือนลวางเกินมากไปฟ้าบอกหัวใจให้มันเข้าใจสะที
cooking,soytonyet,Running down to the rooftop Taking away To The Dark Side I wanna be your man and me
cooking,tranthutrang205,Bye. Hãy subscribe cho kênh La La School Để không bỏ lỡ những video hấp dẫn 比清晓月花洒空间梦里小组纠红叶梦的心泪远迟灭笑重生念一遍永远
cooking,zyad_tasty,Rwy'n meddwl am ychydig. وصفة ديان لمعجزه واحد طريقاً لباتليك جوجد في خمس ١٥ الداقيقة واحتالية كتأتي فاخرها تارى وهو احد البنايا السلام كان نخذوا أحد المقيل اللي قندي الفايش ويد الزبداء كل حلوب صلاح الطوماط سغير يظله مين
fashion,andrea_tamasi,"Your eyes don't stop happily. when we're on a walk and someone walks by you, they don't stop to their knees I love you."
fashion,ari.tamayo,"It's lost in the memory, August slipped away into a moment of time. Cause it was never mine And I can see its twisted and bed sheet talking Slipped awake like a ball of wine"
fashion,beautyby.nita,Rwy'n meddwl am ychydig. Hey! از قدوم ها کچرا Do you
fashion,bibaelegante,Rwy'n meddwl am ychydig. مرحباً موطني دمروت الدخلي في عاية بحربة انا يكتيني بالضعش شنظروا بنائق تفوق القلبه فابديش زيت نجراسي صايخ شيء لللعبة انا حب بعمل مفقودة بيوفر معين ليش يبحون ومعزن غيره كالبي بعانك سروضا ولقي فيسد
fashion,callmevaris,"If you want to confess, I'll look at somebody else I'm with the squad, B."
fashion,ce.decarla,"Yeah ain't nobody stopping me. Ain' my greens, yeah ate all of them broccoli You wanna be full at least do it properly and got a chance as an even monopoly They can use this in EVEN A LOT OF READ Only thing I'm trying to"
fashion,chandrika_keralam,"Rwy'n meddwl am ychydig. நீ என்னைக் காபலித்தும், மகளா, மகளா? இந்ஞெண்டில் அந்த விற்சம் ரயவின்ன, மயமின். ஆரும்பிடையாணச் செல்கிறேன். Rwy'n meddwl am ychydig. ḍᵃᶦᵉ"
fashion,craftylumberjacks,Rwy'n meddwl am ychydig. with the musical Off-Broadway and there's a reason why they keep extending Rwy'n meddwl am ychydig. We always say pull out those books today we're taking up a notch by adding A pop of color to th
fashion,deborahteran26,"Rwy'n meddwl am ychydig. ideal según tu signo. serías según tu signo. Si eres Ari, sería un boxer ya que tienes una carácter muy fuerte e impulsiva si eres Tauro seria un bulldog Yaque su character es poco terco si eres "
fashion,dejjanicole,"අපි ḍᵗᶦᵉ Don't trust no one, stick alone On my lesson all I know Face coming in and out Nobody checking till they meet Dirty car light on the phone Engine evil off to suns Don' be these a little dope Dirty dung or sex wi"
fashion,gabytza001,"You are like the oxygen I need to survive and be honest. Rwy'n meddwl am ychydig. Vadan dödürüşü gidediğinin Kıllım değilsin Demi tabama neden oynam Sen de geles J'aime le style, j'suis Cali-Moteur de Ferra"
fashion,goateebeardcare,"Come on, baby. Rwy'n meddwl am ychydig. අපි Rwy'n meddwl am ychydig. kwa wajibu na urola, yadziria kuha mwazin wa dima rola."
fashion,hachireview74,"Rwy'n meddwl am ychydig. Mấy bộ này mà mua đi du lịch, mặc 1 lần rồi để nó phí nhiều lắm Rwy'n meddwl am ychydig. Mình đều ghé bọc quầy có sự uống lên mén Giakun. Gia Kun gần như không thể thiếu trong tủ lạng nhà mình đó"
fashion,humanbrat_,"Rwy'n meddwl am ychydig. Yeah, yeah. Get out of hand No more distance, let's just dance Do you talk into the lady with a car trying to read huh?"
fashion,jadou_2528,Yet you think we're the same The scarlet falls as our child that makes us up at all you you
fashion,jadzia.kim,"Rwy'n meddwl am ychydig. Oczywiście, że używa nożyczek do krojenia jedzenia. Aby dalej męczycie się tym nożem Jestem koreanką oczywiście jeżeli jemy siedząc na ziemi Zwykłe stoły są dla słabych jestem koreanką! No wiesz,"
fashion,jokko2214,"you. C'est moi qui t'accueillis, tu n'es rien qu'une couache. Il y a une bougne en commande, mais ça m'offre le billet ! ಸಾರೆಟ್ಲಿಕು"
fashion,karllagerfeld,He said he came from Jamaica. Ever Must be missing an angel Missing one Bye!
fashion,laila_lailaq,يجب عليك أن أعيش نقرأة مستوى وأدوره إحساد الله وإنصماء المآله هو يريدي كيمون وسيرارت اغني صناماً هي جاوسها سياليا وخطو مانية عميت بغير يهلي واعايش لاشوا معك والسلامة معتوش السحرية اللي يورمع تمرك دليا النص ما قد رجق عنها
fashion,lapiadiaz,"Rwy'n meddwl am ychydig. a su hermano con otra y reaccionó muy mal. Nadie se imaginaba lo que iba pasar, Rwy'n meddwl am ychydig. ḍᵃᶦ ウィーパーウェリモー"
fashion,lospayasosmasvirales,"Rwy'n meddwl am ychydig. Señor, esas son las cartijas de pecho. Ay yo me llevo unas más chingonas Esa es la Gartija De Pechó Ahí te van a mis Amigo Hola ¿Qué es eso? Las Cartigas Voladoras Bueno Mejor vamos al Sencentadi"
fashion,mattisoncurtlynn,you Rwy'n meddwl am ychydig. It's like do you love me tonight? ლᴗˢᵕ
fashion,rojruay2465,ถึงจะเกิดมาไม่มีครูก็ขอให้อยู่ยังมีคา ได้เห็นหน่าเจ้า เชื่อเดียวกับมากเลย แค่คิดถึงเธอ ก็เหมือนลวางเกินมากไปฟ้าบอกหัวใจให้มันเข้าใจสะที
fashion,shibalove,Rwy'n meddwl am ychydig. අපි Rwy'n meddwl am ychydig. I love you.
fashion,soytonyet,Running down to the rooftop Taking away To The Dark Side I wanna be your man and me
fashion,stephanyandrea,"I'm in Harlem today. My girl hit me up saying she want to do a little boo-boo set, so outside Let's Do It! i picked out my charms and we're going long for it even have mine nails done if forever SoI wanted go allout She "
fashion,sydnie_green,"I love you You can dance! I'm pretty without any makeup on You think i am funny when my doubts are punchline wrong? But no you get me, so ill let the walls come down."
fashion,techcraze1,Rwy'n meddwl am ychydig. अपने क्या मुरकित हैं? Rwy'n meddwl am ychydig. तिक्तोग मुसे 다음 영상에서 만나요
fashion,user07824477,you بسيني شرف غشبريا مخملية فيها طلاق نجمع من خلال عملات استخدم المؤثر والأصفر اللي تحت وحاول لتكبس كذا على الشاشة بالشكل السريه
fashion,vieon.official,"Rwy'n meddwl am ychydig. Chơi trời em hoa đôi câu lông phường Hoài Không có giấc xong mà nặng một đàn em sinh muối ca sập MCC2 Bởi Vion, mình chọn ngay cho MSin bạn yêu thích nhất tại vòng trung kết MSIN C2 2015. Hơi đăn"
fitness,abas_vlog,Rwy'n meddwl am ychydig. هل تشاهدون أن يكون هناك أسراء عنكم أو لا؟ Rwy'n meddwl am ychydig. الناس يأتيون بحر وفي تيبازاء اروحوا من مريكم كيفش داير متدخل
fitness,alansleftnu,"I don't care if it hurts, i wanna have control. No, I don't have a gun."
fitness,alyseee_xofit,"La nena me sigue, la dulce se desbloque Yo quiero con ella hasta que el amigo yo te disfrutan Quiera las puertas bajan a dos Te despiero y yo quiera quien lo le quiero Y hoy ponérselo, chiquitita como miro Se conecta cóm"
fitness,beautyby.nita,Rwy'n meddwl am ychydig. Hey! از قدوم ها کچرا Do you
fitness,beduyzuize,Rwy'n meddwl am ychydig. you Hãy subscribe cho kênh Ghiền Mì Gõ Để không bỏ lỡ những video hấp dẫn Rwy'n meddwl am ychydig. Hãy subscribe cho kênh Ghiền Mì Gõ Để không bỏ lỡ những video hấp dẫn
fitness,callmevaris,"If you want to confess, I'll look at somebody else I'm with the squad, B."
fitness,chandrika_keralam,"Rwy'n meddwl am ychydig. நீ என்னைக் காபலித்தும், மகளா, மகளா? இந்ஞெண்டில் அந்த விற்சம் ரயவின்ன, மயமின். ஆரும்பிடையாணச் செல்கிறேன். Rwy'n meddwl am ychydig. ḍᵃᶦᵉ"
fitness,da.rafiki,"I'm glad to have you back. Yeah, yeah... Why should we do that? We've had it for a long time already! Don't look back on your brother's life alone! You just gotta bust out wait I say sorry, bro Right now fuck. Yeah didn'"
fitness,diaryoflalalindseay,"Yeah, love me a trappin ass dark skin country I've got it out the mud six one old thug ain't top real slick big dick be gone and picka bitch up when we fuck Oh strong gas make an implant stacking that pay by me whatever."
fitness,em1loba,"In the land of a million crumbs there is always something going on If you can't look at your dog, dog might diss we're gonna take yo dead home this bitch. Don't wanna grow up, I want to get out Hey! Save me away."
fitness,goateebeardcare,"Come on, baby. Rwy'n meddwl am ychydig. අපි Rwy'n meddwl am ychydig. kwa wajibu na urola, yadziria kuha mwazin wa dima rola."
fitness,jadou_2528,Yet you think we're the same The scarlet falls as our child that makes us up at all you you
fitness,laila_lailaq,يجب عليك أن أعيش نقرأة مستوى وأدوره إحساد الله وإنصماء المآله هو يريدي كيمون وسيرارت اغني صناماً هي جاوسها سياليا وخطو مانية عميت بغير يهلي واعايش لاشوا معك والسلامة معتوش السحرية اللي يورمع تمرك دليا النص ما قد رجق عنها
fitness,linstantnoodles_,Rwy'n meddwl am ychydig. I wanna feel more than just his arms 롤러 너의 이름을 불러 이 순간이 넌 아름다워 열 번에 약속 주머니 풀릴 수 있겠어 We're beautiful strangers
fitness,mattisoncurtlynn,you Rwy'n meddwl am ychydig. It's like do you love me tonight? ლᴗˢᵕ
fitness,mirko_mormile,"you a super secret spot by the water. Very peaceful, gonna chill here for little bit right over I just wanna say how it feels to be here with your head down. time has just begun till we see the sign three five in a fligh"
fitness,pjfperformance,"Hey, hey. I like that Rwy'n meddwl am ychydig. We got to make it Ended length bands might not make you into a three-time dunk champion like Mack McClung. They may be the highest jumper in this world with 51 inch approach"
fitness,rojruay2465,ถึงจะเกิดมาไม่มีครูก็ขอให้อยู่ยังมีคา ได้เห็นหน่าเจ้า เชื่อเดียวกับมากเลย แค่คิดถึงเธอ ก็เหมือนลวางเกินมากไปฟ้าบอกหัวใจให้มันเข้าใจสะที
fitness,shibalove,Rwy'n meddwl am ychydig. අපි Rwy'n meddwl am ychydig. I love you.
fitness,soytonyet,Running down to the rooftop Taking away To The Dark Side I wanna be your man and me
fitness,user07824477,you بسيني شرف غشبريا مخملية فيها طلاق نجمع من خلال عملات استخدم المؤثر والأصفر اللي تحت وحاول لتكبس كذا على الشاشة بالشكل السريه
fitness,watan9464,Песенка با شده مخوامت به زنهای هرشیز اونکو حجام رنا نایا عظوة
fitness,yulia_chash,"The words to describe this girl, they don't mean it was done for. Damn bro! Like so whatever You can do So much better I think we should get together now And that's what everyone is talking about Mi corazón con flores te"
makeup,..khatho,Hãy subscribe cho kênh La La School Để không bỏ lỡ những video hấp dẫn Hãy subscribe cho kênh La La School Để không bỏ lỡ những video hấp dẫn Nên nói ra những lời Sâu thống sông sai chỉ muốn em Một tình yêu siêu khủng lầ
makeup,.listl,"Baby, how'd you fuck with my head? I don't know what it is If I'm not back again you"
makeup,abby_bergman_0,"But tonight, I think i lost the plot instead. I said that might be clear off my face Till it wasn't really a sin to me But tonight, I think i lost the plot instead. As if that might be cleared off my face Till it was unh"
makeup,alicia.s5000,"Oh, I just want to take you anywhere that's your life. We could go out any day and night Maybe i'll pick it up Take is there? Thank you. Rwy'n meddwl am ychydig. Any time, just take your times Come here I get it Where yo"
makeup,alliecatcosplay,"Alexander, come back to sleep. I have an early meeting out of town It's still dark outside...I know! ...i just need write something down Why do you ride like your running outta time? Shhhhhh Come Back To Bed That Would B"
makeup,amanda_hadzimichalis,"Rwy'n meddwl am ychydig. herself. Listen, if you want a full coverage foundation You're gonna wanna grab one from A drag queen this One is so amazing it comes with the stick or just pop It out and can do The pump but I l"
makeup,andrea_tamasi,"Your eyes don't stop happily. when we're on a walk and someone walks by you, they don't stop to their knees I love you."
makeup,beautyby.nita,Rwy'n meddwl am ychydig. Hey! از قدوم ها کچرا Do you
makeup,bibaelegante,Rwy'n meddwl am ychydig. مرحباً موطني دمروت الدخلي في عاية بحربة انا يكتيني بالضعش شنظروا بنائق تفوق القلبه فابديش زيت نجراسي صايخ شيء لللعبة انا حب بعمل مفقودة بيوفر معين ليش يبحون ومعزن غيره كالبي بعانك سروضا ولقي فيسد
makeup,callmevaris,"If you want to confess, I'll look at somebody else I'm with the squad, B."
makeup,chandrika_keralam,"Rwy'n meddwl am ychydig. நீ என்னைக் காபலித்தும், மகளா, மகளா? இந்ஞெண்டில் அந்த விற்சம் ரயவின்ன, மயமின். ஆரும்பிடையாணச் செல்கிறேன். Rwy'n meddwl am ychydig. ḍᵃᶦᵉ"
makeup,craftylumberjacks,Rwy'n meddwl am ychydig. with the musical Off-Broadway and there's a reason why they keep extending Rwy'n meddwl am ychydig. We always say pull out those books today we're taking up a notch by adding A pop of color to th
makeup,dimashreim,بنا ولا شيء ولا فيه هالحو مصاريها ولا ممكن فى ليرات ولا ممكن فى عراضة ولا فى مجاورات راح البلد وعفكرة الأسود والأبيض وأحمر وأخذر أصبر وأزرج وبنى وسكنة فارغوشي وعليش تروحة خلين دهال الدم اللي فين يجري سا مبینان شوية شويات
makeup,dkhongan,"Rwy'n meddwl am ychydig. Mấy tháng với tụ hợp đầy đủ nên cứ gặp là phải đi ăn mà không bao giờ nói hết được chuyện Bữa nay thứ 6 cuối tuần nè, Nguyên Đám Hẹn nhau tan làm tới ngay Ngõ 8 Rwy'n meddwl am ychydig. Mọi người"
makeup,em1loba,"In the land of a million crumbs there is always something going on If you can't look at your dog, dog might diss we're gonna take yo dead home this bitch. Don't wanna grow up, I want to get out Hey! Save me away."
makeup,goateebeardcare,"Come on, baby. Rwy'n meddwl am ychydig. අපි Rwy'n meddwl am ychydig. kwa wajibu na urola, yadziria kuha mwazin wa dima rola."
makeup,jadou_2528,Yet you think we're the same The scarlet falls as our child that makes us up at all you you
makeup,laila_lailaq,يجب عليك أن أعيش نقرأة مستوى وأدوره إحساد الله وإنصماء المآله هو يريدي كيمون وسيرارت اغني صناماً هي جاوسها سياليا وخطو مانية عميت بغير يهلي واعايش لاشوا معك والسلامة معتوش السحرية اللي يورمع تمرك دليا النص ما قد رجق عنها
makeup,malek.hac,"Oh, baby I need that kind of love A supernova Glowing in the dark Forever I wished upon a star That you came over Occupied my heart goes down and the moon comes up. I turn it to a teenage gugumab! I'm on the run With you"
makeup,mattisoncurtlynn,you Rwy'n meddwl am ychydig. It's like do you love me tonight? ლᴗˢᵕ
makeup,puncha.patisserie,"අපි Selamat tinggal! Worthy of abundance, I open the door. Money loves me and it comes more & More!"
makeup,renzuwuu,"做一陰一陽之味道只需東來 Rwy'n meddwl am ychydig. 21 and only 24 karat gold e-piss. Now, this is an original 20 carats Gold E PISS that I found here in my bedroom Attack on me! Another love attack, attack for knee. You turn your bac"
makeup,rojruay2465,ถึงจะเกิดมาไม่มีครูก็ขอให้อยู่ยังมีคา ได้เห็นหน่าเจ้า เชื่อเดียวกับมากเลย แค่คิดถึงเธอ ก็เหมือนลวางเกินมากไปฟ้าบอกหัวใจให้มันเข้าใจสะที
makeup,sasha.yakubova,"Rwy'n meddwl am ychydig. пьюр калор эксприсит Rwy'n meddwl am ychydig. от ларяль 642 тенок. Пришел в посылки, давайте тестировать! Я кстати не знаю можно ли купить сейчас весь асортимент этих бальзамов чтобы сделать свод"
makeup,shibalove,Rwy'n meddwl am ychydig. අපි Rwy'n meddwl am ychydig. I love you.
makeup,simoncisnerospro,"Fantástica, magnífica, ética exótica mágica mística su mira es hipnótica única. Esas mujeres iconicas te abra de sus sueños porque ella tiene metas también tienen miedos de nuevo al sol. Oh, Dios no puedo cantar sin llor"
makeup,soytonyet,Running down to the rooftop Taking away To The Dark Side I wanna be your man and me
makeup,sydnie_green,"I love you You can dance! I'm pretty without any makeup on You think i am funny when my doubts are punchline wrong? But no you get me, so ill let the walls come down."
tech,1amnotjamaila,"Cachorrinha ai, ao al al vai! Rwy'n meddwl am ychydig. අපි"
tech,9baii7,Rwy'n meddwl am ychydig. بنات صدق أول ما تجربينه بتحسي نشيلو شرطك كل بوكس يوجد 14 منتج فبتكلم عسريع الكريم اللي باقي مننا كم حبة و يخلص لكرام القورى
tech,abas_vlog,Rwy'n meddwl am ychydig. هل تشاهدون أن يكون هناك أسراء عنكم أو لا؟ Rwy'n meddwl am ychydig. الناس يأتيون بحر وفي تيبازاء اروحوا من مريكم كيفش داير متدخل
tech,adam.digital,"Rwy'n meddwl am ychydig. Now build mobile apps in minutes. Zero coding, go to emergent and let's built a Mobile app that looks like WhatsApp BAM! Look at this the user interface look exactly same And AI character can cha"
tech,beautyby.nita,Rwy'n meddwl am ychydig. Hey! از قدوم ها کچرا Do you
tech,beduyzuize,Rwy'n meddwl am ychydig. you Hãy subscribe cho kênh Ghiền Mì Gõ Để không bỏ lỡ những video hấp dẫn Rwy'n meddwl am ychydig. Hãy subscribe cho kênh Ghiền Mì Gõ Để không bỏ lỡ những video hấp dẫn
tech,chandrika_keralam,"Rwy'n meddwl am ychydig. நீ என்னைக் காபலித்தும், மகளா, மகளா? இந்ஞெண்டில் அந்த விற்சம் ரயவின்ன, மயமின். ஆரும்பிடையாணச் செல்கிறேன். Rwy'n meddwl am ychydig. ḍᵃᶦᵉ"
tech,chilly2x,"Rwy'n meddwl am ychydig. We'll just play OG. Oh my god, bro"
tech,craftylumberjacks,Rwy'n meddwl am ychydig. with the musical Off-Broadway and there's a reason why they keep extending Rwy'n meddwl am ychydig. We always say pull out those books today we're taking up a notch by adding A pop of color to th
tech,djhugogt,"Ya están en Libre, hola a todos y todas. A todo digo yo no hay nadie aquí man un chéle está ahí beche como estás Chelle si soy yo mismo mano Rwy'n meddwl am ychydig. so many times y va a salir riquísimo, carajo lo que es"
tech,gabytza001,"You are like the oxygen I need to survive and be honest. Rwy'n meddwl am ychydig. Vadan dödürüşü gidediğinin Kıllım değilsin Demi tabama neden oynam Sen de geles J'aime le style, j'suis Cali-Moteur de Ferra"
tech,geekoutmx,Rwy'n meddwl am ychydig. Compatible con Android. Este es el TRIMIS SMARTAC Rwy'n meddwl am ychydig. fías nocturnas y con poca luz. Rwy'n meddwl am ychydig. ¡Me salvo en mis vacaciones!
tech,goateebeardcare,"Come on, baby. Rwy'n meddwl am ychydig. අපි Rwy'n meddwl am ychydig. kwa wajibu na urola, yadziria kuha mwazin wa dima rola."
tech,jadou_2528,Yet you think we're the same The scarlet falls as our child that makes us up at all you you
tech,kissaikouma,"Rwy'n meddwl am ychydig. kwa? Ropezula, Isha Faiza Limakiz Safishka Rapezij mamitun. Mamanan"
tech,laila_lailaq,يجب عليك أن أعيش نقرأة مستوى وأدوره إحساد الله وإنصماء المآله هو يريدي كيمون وسيرارت اغني صناماً هي جاوسها سياليا وخطو مانية عميت بغير يهلي واعايش لاشوا معك والسلامة معتوش السحرية اللي يورمع تمرك دليا النص ما قد رجق عنها
tech,mattisoncurtlynn,you Rwy'n meddwl am ychydig. It's like do you love me tonight? ლᴗˢᵕ
tech,meikeire_,Rwy'n meddwl am ychydig. mas essas noites mudariam pra sempre as nossas vidas. Você se lembra da sua primeira skin do Fortnite? Do seu primeiro jogo de Roblox ou aquela 1ª casa Rwy'n meddwl am ychydig. diferente de tudo 
tech,pjfperformance,"Hey, hey. I like that Rwy'n meddwl am ychydig. We got to make it Ended length bands might not make you into a three-time dunk champion like Mack McClung. They may be the highest jumper in this world with 51 inch approach"
tech,rojruay2465,ถึงจะเกิดมาไม่มีครูก็ขอให้อยู่ยังมีคา ได้เห็นหน่าเจ้า เชื่อเดียวกับมากเลย แค่คิดถึงเธอ ก็เหมือนลวางเกินมากไปฟ้าบอกหัวใจให้มันเข้าใจสะที
tech,shibalove,Rwy'n meddwl am ychydig. අපි Rwy'n meddwl am ychydig. I love you.
tech,smarttech_ai,"Rwy'n meddwl am ychydig. open your camera, you will notice a green dot showing there. That is not just do this so that any time you lift your phone. The screen will automatically turn on without pressing the power button"
tech,straw_hat00,"what AI can do with just a few selfies? Generate ultra-realistic, professional headshots without ever stepping into the studio. the world's most affordable all-in one AI video generation dot platform, including Veio 3 ru"
tech,swlking,"तेनु किस्टा पता थरा, तैली तोटकया? तरन्तोटाडफी थे तुम भी तों रही जानैवे कादा धिलच मसया से दूआ, पृता ज़ाएग बईज भाई जாनै वे. तेरे हकती चान मौसे याखया, मेरा ठूय। उएक को हील रैगया. औरी शाइर्त तब ऐसी अख्ना, नेरے काल जेद लिल पह"
tech,techcraze1,Rwy'n meddwl am ychydig. अपने क्या मुरकित हैं? Rwy'n meddwl am ychydig. तिक्तोग मुसे 다음 영상에서 만나요
tech,theeprettychef_home,Rwy'n meddwl am ychydig. C'est bon..! Un peu d'me couche au natin... Câme le roi..
tech,user07824477,you بسيني شرف غشبريا مخملية فيها طلاق نجمع من خلال عملات استخدم المؤثر والأصفر اللي تحت وحاول لتكبس كذا على الشاشة بالشكل السريه
