creator,video_id,predicted_label,mean_confidence,frame_count
ridukushmidahit,7515658802725784850,female,0.9971,4
maciuss17,7537645736943521046,male,0.989,4
sergheimizil,7532796088395287830,male,0.9933,4
rodricr527,7509473876527598904,male,0.7164,1
lukaswala,7538108245009796374,male,0.9972,2
mdshakiloffcial07,7538057012706364690,male,0.9325,3
cancris7,7535434346631662855,male,0.8409,3
jadzia.kim,7538162595178482976,female,0.9976,3
hachireview74,7528620276293176584,female,0.998,4
mamanjolie324,7537120226610040120,female,0.997,4
hannahevana,7537814588826373407,female,0.9976,4
redisoncompany,7281215947476684064,male,0.9979,4
lifeofkenziew,7538550506252176670,female,0.9689,4
laragya_,7530923242605890834,female,0.9958,4
ggexotics,7461851955623660846,male,0.9962,4
thanhxuan1209,7511686949384539410,female,0.9975,3
tipsfromdeadpeople,7520718549418102046,female,0.9954,4
islandgirl8173,7520464938293398797,female,0.9883,4
panget_ako05,7518723631652900103,female,0.9912,4
marielmedina90,7535994644673481992,female,0.883,3
olivialeclerc1,7529356719818870021,female,0.9938,4
ridukushmidahit,7508940382676241671,female,0.9969,4
crazydaisymiami21,7519463295284235550,female,0.9968,2
taipoov,7538389577241775366,male,0.9418,4
puncha.patisserie,7484072673136348421,female,0.996,3
jormiellabador,7537283874217331975,female,0.9296,4
iamjumo,7515485659734347039,female,0.9981,4
silvanarm_,7537773388585094407,female,0.9982,3
aianajuarezofficial,7535052924016282887,female,0.9799,4
adam.digital,7537662474703654152,male,0.9916,4
boogeraids01,7537459054398983455,male,0.9919,1
karen_in_qatar,7533199681426427143,female,0.9957,4
reydynalrynaldi,7531646726415912210,female,0.9845,4
deborahteran26,7536384270533741830,female,0.9974,4
paireyewear,7537433999900216606,female,0.9916,4
loveemanda,7537408846118145311,female,0.9982,3
benjaminartssupplier254a,7519040428029529400,male,0.8789,3
lyma.jkt,7517629782662663480,male,0.7136,1
andrea_tamasi,7537853798493048119,female,0.9332,4
lapiadiaz,7526762779865287943,female,0.9825,4
siovera,7537826673933176077,male,0.8283,1
jessandjakeofficial,7502147182447873302,female,0.9857,4
ben_le_patriote,7495011387916225815,male,0.9976,3
gabytza001,7358086735026261281,male,0.9845,3
laragya_,7537806613814512904,female,0.9956,4
alabialasela4,7536311550362258711,male,0.9966,4
jadou_2528,7532550009011621142,female,0.8783,2
popsiclemaker_,7536005974616739085,male,0.9734,2
ronald43m,7483977088773442871,male,0.9944,4
lukaswala,7535142595555691799,male,0.9448,1
latesha.bby,7535720729896029470,female,0.9979,4
vieon.official,7538349480878378295,male,0.8502,3
josepthovalle,7537519774314548486,male,0.9907,2
laila_lailaq,7537901747348475192,female,0.9977,4
tipsfromdeadpeople,7514771921943252255,female,0.7976,1
simionflorin23,7422997704617315616,female,0.9941,3
bletkaaa,7536227696943238422,female,0.9979,4
pcoscoachbarbie,7538430629021732103,female,0.998,4
wyamarce,7536301396690210079,male,0.9547,3
kissaikouma,7538656510847552824,male,0.9969,4
panget_ako05,7517577976611998983,female,0.9936,4
alenkahuliganka5,7537715107971747090,female,0.9724,4
jessandjakeofficial,7486225192679738647,female,0.9979,4
csecseattila,7533656555359685910,male,0.9872,4
josejayparker,7536268717110414598,male,0.9977,4
callmevaris,7532230841662065951,male,0.993,3
erispatv,7515333074821876998,male,0.9849,4
thepandaman_official,7537818719645469966,male,0.9975,3
catluminati,7533833826754219319,male,0.9845,3
elijahxsired,7537932489399029014,female,0.9971,4
boogeraids01,7535353770134342942,male,0.9981,3
ayoubcheri15,7536262545565322504,male,0.998,4
iamjumo,7510341230258162975,female,0.9981,4
nancyqueenee_04,7529992791066152200,female,0.9978,4
ayoubcheri15,7531787364159540498,male,0.9977,4
hanji_gaming,7534945009972415751,female,0.9508,2
jadzia.kim,7535942391572794657,female,0.998,2
nomonde_sky02,7535431779419770117,female,0.9947,4
sana11rka44,7517872866365279495,female,0.9709,3
mandasmoraes,7529985829335354629,female,0.7892,4
iamkizii,7513530433414515973,female,0.9367,2
cboston16,7537437780821937439,female,0.998,4
iloveyoudigital,7538304977823862023,female,0.9849,4
laurenlovelessss,7536307671268347191,female,0.9955,3
foodiestefa_invita,7537445690780306694,male,0.9853,3
joegambino2,7535929250130447671,male,0.8952,3
tranthutrang205,7537919066829229319,female,0.9969,4
cocomartin_ccm,7538410158578257170,male,0.9406,4
reydynalrynaldi,7525694723542076690,male,0.9892,4
pubersvragen,7517998661222059297,male,0.9854,4
stwoichs,7535037878997634326,female,0.9976,4
wiambaashar1,7538469636455632183,female,0.998,4
arnoldsaviour,7536543442147544376,male,0.9919,4
beautyby.nita,7538379072125046021,female,0.9971,3
raniel214,7537584812819893522,male,0.997,4
laurenlovelessss,7537085529397939470,female,0.7918,1
binoddahal242,7518636340129434887,male,0.997,4
cocomartin_ccm,7538459855128988936,male,0.996,2
netra_23,7504346269695905067,female,0.9715,4
abas_vlog,7531112062404021510,male,0.9979,3
andrea_tamasi,7538247525245996302,female,0.9883,2
pjfperformance,7536391305405025550,male,0.9754,3
watan9464,7536340130831879446,male,0.997,4
linlu_08,7393869656726965522,male,0.9936,2
mirko_mormile,7534805693963029815,male,0.9977,4
clipeadoss,7517057064665910534,female,0.9228,3
younesidrissi_,7532172462549765408,male,0.9134,3
lukaswala,7538478640229698838,male,0.9914,4
cothuymc,7538647579781795079,female,0.991,4
josejayparker,7536859832092019973,male,0.9973,4
cboston16,7536770982527143199,female,0.9928,3
kausarahmed635,7518043954999233810,male,0.9978,4
qaiserbumaye,7517138753144638776,male,0.8951,2
dkhongan,7537161334471888146,female,0.9977,4
aboubacar_aminullah,7532048934647237894,male,0.9794,3
lorenelaplusbelle,7535941689358421271,female,0.9975,2
dozoboss1,7528149149653454136,male,0.9892,4
barsha.panday4,7538285288653704456,female,0.9972,3
annieshorror_,7537362978023214358,female,0.9979,4
lea_navvab,7537855818000043280,female,0.9978,2
..khatho,7538408734909828360,female,0.994,4
chuy.atleticos.y.refere,7518488228912008478,male,0.9945,4
noonja2530,7317908707189280005,female,0.9026,3
griggstv,7537879267934342414,male,0.9794,4
elshinzhanerke1,7519982810971573509,female,0.9979,1
alicia.s5000,7530389619855150344,female,0.9977,2
dmitroignatov,7486074950412012855,male,0.9978,4
falaserionedani,7534907571623251256,female,0.9959,3
rowwxee,7538389233686416658,female,0.998,4
kimkiddoh2020,7510546582916451590,male,0.9952,4
hanji_gaming,7536138523129236743,male,0.9484,4
tipsfromdeadpeople,7505131489986645278,male,0.9947,3
mayranotes,7538236979750718727,female,0.9974,2
da.rafiki,7499930569048952107,male,0.9613,2
cboston16,7538594682213846285,female,0.9981,4
mizuno.rikka,7532141659811826951,female,0.981,4
mdshakiloffcial07,7538659279742536968,female,0.7366,4
ethanadrian666,7355149853623602439,male,0.9796,4
pinky.hana.ammar,7536155409615228168,female,0.9971,4
mattisoncurtlynn,7536812940469505335,male,0.7984,2
silvanarm_,7537960425522990354,female,0.9978,4
yosoylauniversa,7533348051277155602,female,0.9977,4
walid_alsaleh,7527344126212197650,male,0.9983,4
chuy.atleticos.y.refere,7518188731052887327,male,0.9958,4
panget_ako05,7518336768622529799,female,0.9961,4
puppy16hp,7527328206131563784,female,0.9828,3
andellelee,7537080664403840262,female,0.998,2
annieshorror_,7538141661902228758,female,0.9956,4
alisonwilensky,7518225123304869175,female,0.9895,4
beduyzuize,7538676023454420231,male,0.8668,4
laila_lailaq,7538609114147048711,female,0.9778,4
chandrika_keralam,7508818792185629960,female,0.9981,4
hlogihlowgiey1,7537275179949509944,male,0.9965,4
destinylashaemakeup,7525612880947973431,female,0.88,1
xmaciek00,7537749397237419286,male,0.9944,4
dejjanicole,7537238064310144286,female,0.9965,4
lospayasosmasvirales,7529754258812554502,male,0.8761,2
jeosprojex,7534080386167557406,male,0.9885,2
ben_le_patriote,7526901120761941270,male,0.998,4
haquechy_01,7531653174785248530,male,0.9927,3
lifeofkenziew,7538601144038247711,male,0.9958,4
lospayasosmasvirales,7531251906094714168,male,0.9968,2
giulianacascone2,7521473544295927062,female,0.9846,4
alenkahuliganka5,7537242628023225607,female,0.9708,4
sofiafierroq,7506717722999573816,female,0.9483,4
rezafzl.id07,7517180422992743698,female,0.9928,4
aianajuarezofficial,7536210140740062472,female,0.9978,4
sarahkatereynolds,7537744786065771831,female,0.9978,2
radjai09,7514662901483851026,female,0.9961,4
malek.hac,7537711960838868247,female,0.9966,4
lauren_angelina_,7523120382220487950,female,0.9979,4
ntentantt1,7538618481995009286,female,0.8246,4
aianajuarezofficial,7533259113531198738,female,0.9958,4
csecseattila,7525106058470116630,male,0.9901,4
joegambino2,7537564900210527501,male,0.9917,4
_katemarie,7537902474317942030,female,0.9978,4
sarahkatereynolds,7536369781625113911,female,0.9982,4
abby_bergman_0,7537204924673690901,female,0.9966,4
thatandu,7538466506678521110,male,0.9957,2
elleluishoppingbybikat11,7537651224380820741,female,0.7194,1
foodiestefa_invita,7530714684119387398,female,0.9958,4
angiandderya,7536946043678919958,female,0.9981,4
abbie_tolentino,7533954587141704967,female,0.9798,1
_katemarie,7536996338370727199,female,0.995,4
andrew_campen,7538458433738001694,male,0.9016,3
chilly2x,7535985167668628767,female,0.9971,2
razvansilviu11,7537994551860989206,male,0.8457,4
marieyolenejean2,7512440250590006574,male,0.7865,1
redisoncompany,7236297921489063195,male,0.998,3
anhaiden2105,7529911197370420498,male,0.8686,3
overthinking.studio,7518048779547708679,female,0.7979,2
lea_navvab,7536961825468927253,female,0.997,4
papa.wade,7538129175572434232,male,0.9843,4
netra_23,7505548345797086507,female,0.9974,4
lauren_angelina_,7520049957898882359,female,0.9976,4
sunflow3rsamurai,7537860257842875678,female,0.9968,4
mohammadsohag94,7536884812070587655,male,0.9978,4
nokusho.zibhoma.1,7538577127352995090,male,0.9833,3
sobanali54,7408128096605359367,male,0.9924,2
taipoov,7538413853533687046,female,0.9893,4
gymnadz,7533382756768779528,female,0.9974,4
khally_dance,7535151898463063301,male,0.9793,4
reydynalrynaldi,7538463438100630792,male,0.9741,2
rence.d,7537984487800474887,male,0.95,2
nokusho.zibhoma.1,7538694094722206983,male,0.9977,4
maciuss17,7535864724701875478,male,0.9145,4
thepandaman_official,7537386447855160607,male,0.9969,4
stwoichs,7533904311982755074,female,0.9969,4
humanbrat_,7516600052198935838,female,0.8995,3
pro_razvitie_rebenka,7537654798707870990,female,0.7954,2
olivialeclerc1,7535595342767639814,female,0.998,4
geekoutmx,7532281349936385287,male,0.9974,2
dr.jessy09,7536844586967190840,female,0.9963,4
falaserionedani,7538172758371388678,female,0.9968,4
beduyzuize,7538089746308828423,female,0.9867,3
muathaoxinh,7536082128052800776,female,0.9782,4
jormiellabador,7537522000110161170,female,0.9073,4
user07824477,7234293072069152007,male,0.8204,2
linhnguyenlb,7536909930910076161,female,0.9968,4
rakibuddin493,7538417583435959572,female,0.9971,4
hamitjiyanbider,7505120187973209362,male,0.97,2
saryvk,7538596244399213829,male,0.998,4
chelseareads,7537709035332685069,female,0.9677,2
falaserionedani,7537824020872334648,female,0.9612,4
luiza_mayers,7522630111301012792,male,0.9978,4
ajmanas.pool,7535407037744712978,male,0.9915,4
hannahevana,7538123428256140574,female,0.9975,4
trieukhanhnuhuong,7179076376778116378,male,0.9939,3
younesidrissi_,7529819883861724449,female,0.9936,4
pinky.hana.ammar,7537616686921338119,female,0.975,3
theabernice_,7533620725379337478,female,0.9945,2
neh_oh,7535221918098640184,male,0.9975,4
callmevaris,7537073344789712159,male,0.957,3
mohammadsohag94,7536258612230950162,male,0.9952,4
adam.digital,7536920740252110098,male,0.8507,2
ferislasmistikaa,7377559768149298438,female,0.9951,4
dkhongan,7525424461571476744,female,0.9859,3
lakasud.com,7532822519384935688,female,0.9682,3
neh_oh,7537291929025809669,male,0.9876,3
saoleyv,7505027927390555399,male,0.997,3
seydina1103,7536943621317217542,male,0.9625,3
renzuwuu,7538377799871008018,female,0.9876,4
xmaciek00,7535770628591275286,male,0.9937,4
alliefaithnix,7521449452259855647,female,0.7749,1
marielmedina90,7535221518536641800,female,0.843,1
lahoussinebouizakarne75,7517047423831641400,male,0.9963,4
bahram.bahrami.cologne,7535500502302231810,male,0.9977,4
drareejzulfiqar,7529974929547218193,female,0.9938,4
thatguywhoduets,7522325947022888198,male,0.9978,4
granorquesta.oficial,7533671914636610872,male,0.9671,3
mamiserce,7521742373467032850,male,0.9829,3
karllagerfeld,7530958385253043478,female,0.8389,2
saryvk,7538524702113877304,male,0.9975,4
khally_dance,7533687913855405318,female,0.8748,3
techtalkng,7535061295985331461,female,0.9967,3
wiambaashar1,7533702483533729038,female,0.9978,4
simionflorin23,7200473559620177157,male,0.9969,4
ageu_ribeiro,7537516254509157688,male,0.9967,1
jessandjakeofficial,7480288277849787670,female,0.9976,4
carrieberkk,7538571381080870199,female,0.9956,3
bahram.bahrami.cologne,7527074958573407510,male,0.8997,2
alenkahuliganka5,7538369037160549640,female,0.9733,4
daliparedes94,7536355449482808582,female,0.998,1
mamiserce,7515480272641461522,male,0.9979,4
chandrika_keralam,7508824401379380488,female,0.998,4
sofiafierroq,7511577011890998584,female,0.9969,4
jadzia.kim,7538030640411725088,female,0.9911,4
hamitjiyanbider,7504758417471327496,male,0.9963,4
woke_reg,7538304337458580750,male,0.9925,4
guizin.eafc,7537429382504205574,male,0.997,4
littleyeg,7522551286915517710,female,0.9977,4
vitoriamassarico,7519582884953476357,female,0.9979,4
rebecca.sowden,7530744112144780575,female,0.9955,4
geekoutmx,7537488400996125960,male,0.996,4
babygirlulee,7526451851953294606,female,0.9975,4
amanda_hadzimichalis,7537750886391500046,female,0.9565,4
bibaelegante,7537509725852749074,female,0.9969,4
crazydaisymiami21,7519463531406724382,female,0.9968,2
cohenvoi.saigon,7500778461913484562,female,0.9766,4
techcraze1,7491315942744427783,male,0.997,1
xmaciek00,7536985554219437334,male,0.9976,4
thepandaman_official,7535588896546098446,male,0.9969,2
rensyschneider,7529733019645611270,male,0.9969,4
isaacobrr,7538342724949380374,male,0.9667,1
geesteel1,7536888353711525142,female,0.996,3
linstantnoodles_,7531858322199219511,female,0.9947,4
josejayparker,7536638554001362182,male,0.9969,4
melodiethecavapoo,7528112776351403278,male,0.966,3
misskarma01,7533905146238094597,female,0.9497,3
muathaoxinh,7537684393054276872,female,0.9375,4
eurovely,7510449874685545784,female,0.9485,2
wyamarce,7536019591475039518,male,0.9868,4
deborahteran26,7538602008144547078,female,0.9962,3
swlking,7536659550452108552,male,0.9975,2
jadou_2528,7534065764874095894,female,0.9972,3
elleluishoppingbybikat11,7537447693891800326,female,0.9961,2
em1loba,7536302259819285778,female,0.9958,4
quynhmit3105,7530929887851449618,female,0.997,4
andellelee,7535595118284262661,female,0.9789,4
andellelee,7536339053487082808,female,0.9906,4
alliecatcosplay,7538124514274675999,female,0.9976,4
beautyby.nita,7537452727740222776,female,0.8931,2
summernoel_,7534777710296517943,female,0.9912,2
filhadorei539,7410762374178753797,female,0.9975,4
lahoussinebouizakarne75,7517803885210144056,male,0.9974,3
normanproton,7499142705491004690,male,0.8979,4
pcoscoachbarbie,7538422075036273938,female,0.9761,4
budobrothers,7537715394707066117,male,0.996,3
silvanarm_,7538294797216271634,female,0.9978,4
elleluishoppingbybikat11,7537444538760138040,female,0.9922,2
duydocau,7534684225920863496,male,0.9829,3
misskarma01,7534319550167338296,female,0.9902,3
littleyeg,7533738244484254990,male,0.998,4
abdoul.fatao.tarn4,7536720584378518789,male,0.9931,4
boburmma92,7516210510103072018,male,0.9974,4
loveemanda,7538166352696184094,female,0.9977,3
craftylumberjacks,7535160350379920670,male,0.9973,1
netra_23,7505462723346582830,female,0.8143,1
radjai09,7513547787963731218,female,0.7432,1
kissaikouma,7538694746223496453,female,0.9971,4
tiktok.tabbi,7530775204759424269,female,0.9757,4
sergheimizil,7535142321461955862,male,0.9975,3
yulia_chash,7531493150800612613,female,0.9974,3
redisoncompany,7395299117687115041,male,0.9979,3
josepthovalle,7533407768569548038,male,0.9281,1
lapiadiaz,7519746369200966930,female,0.997,4
thatguywhoduets,7523071396977609990,male,0.9975,4
melissaseabra,7537697366078688568,male,0.9953,1
..khatho,7538667884587879688,female,0.7595,2
yosoylauniversa,7532941379375353096,female,0.996,4
mryang_english,7506461036174740757,male,0.9971,4
alliecatcosplay,7536332422464523550,female,0.9963,4
rebecca.sowden,7533032839617465630,female,0.9225,4
sydnie_green,7538148944790998302,female,0.9773,3
theukphonefixer,7231662643067489562,male,0.7359,1
hannahevana,7538547473904700703,female,0.998,4
sydnie_green,7537763960632691998,female,0.9978,1
abbie_tolentino,7534298453019544840,female,0.9968,4
overthinking.studio,7518455301012507911,male,0.9965,3
dudufootz,7538192773514677560,male,0.9973,4
rensyschneider,7528948654938344709,male,0.9971,4
barcelone121,7503354902362590486,female,0.9155,4
tokimino8236,7179551307349380379,female,0.9911,4
9baii7,7538489726102277397,female,0.9939,2
simoncisnerospro,7528967148308335880,female,0.9979,2
simoncisnerospro,7537199290351930631,male,0.9817,4
nisiaatewu,7533281846130527506,female,0.9859,4
amanda_hadzimichalis,7537876055302901005,female,0.9835,4
antoinepintoofficial,7536355743356734728,male,0.9924,4
malek.hac,7537026429180038422,female,0.9976,4
lorenelaplusbelle,7536197429188676886,female,0.9943,3
pjfperformance,7534390860113284407,male,0.9954,4
boburmma92,7523178194929831175,male,0.9553,2
nupoppa,7516780714256239890,male,0.9598,2
littleyeg,7535936439494724878,female,0.9974,2
bletkaaa,7536262062129892630,female,0.9789,1
hanji_gaming,7535760708835806472,female,0.8111,3
dozoboss1,7531379052284939526,male,0.9881,1
rensyschneider,7527865458045766968,male,0.996,4
newemberwest,7538545979692240158,female,0.9979,4
abdoul.fatao.tarn4,7536719468765154566,male,0.9969,4
jazdire,7522888907822763320,male,0.9815,3
straw_hat00,7532940779451370774,male,0.9974,4
alliecatcosplay,7538083483906854175,female,0.9973,4
raniel214,7529470225826237704,male,0.8997,4
sana11rka44,7518287748059516178,female,0.8555,2
rowwxee,7538399982735609096,female,0.9981,4
nutcasejay,7527500771978464542,male,0.8607,2
misskarma01,7534786559103536390,female,0.9974,4
tashaeliett,7536862635233381645,female,0.8326,3
ageu_ribeiro,7535989895236553989,male,0.997,1
stwoichs,7537579386325765398,female,0.9972,4
sana11rka44,7517504156467334408,female,0.9034,4
100mak_officiel,7515001552768093445,male,0.9925,1
gymnadz,7536143353998576904,female,0.997,4
gloriaflagbo,7421517761798769926,female,0.9956,4
agentdamion,7436397030269799723,male,0.9424,1
shibalove,6883880750119259394,female,0.9815,4
lolo_genx_,7514060874794011950,female,0.9114,4
mandasmoraes,7528450835811028280,male,0.7789,1
chandrika_keralam,7508820281624988946,female,0.9981,4
abby_bergman_0,7536116005924261140,female,0.9604,4
mryang_english,7483836780060413239,male,0.969,3
dkhongan,7538268961411058952,female,0.9873,2
laila_lailaq,7537335409756425477,female,0.9973,4
mizuno.rikka,7533819707623853330,female,0.9688,4
christianitycorett,7443867329336823073,male,0.8633,4
loveemanda,7537744259881995551,female,0.9432,4
tranthutrang205,7538105451427237138,female,0.9963,3
latesha.bby,7537192343531818271,female,0.9966,4
pubersvragen,7505088766764207392,male,0.9478,4
erispatv,7514615833277041925,male,0.997,4
ritlisistas,7527732752645459222,female,0.9977,4
qaiserbumaye,7517139326988258566,male,0.9478,3
mayranotes,7535650929836576008,female,0.998,4
angiandderya,7537674637661015318,female,0.9908,3
lovers_of_fig_trees,7536994405903764753,male,0.9968,4
leniuszkiwtrasie,7532912869713726742,female,0.9976,4
lospayasosmasvirales,7532722643372494136,female,0.9074,4
tortoise_walk,7508411451468500231,male,0.9565,4
thatandu,7538449762240990486,male,0.9696,2
maliksohailwadd3,7538675144126942481,male,0.9843,3
elijahxsired,7535207820090838274,male,0.9961,4
jackthepoolboy,7511464925336784174,female,0.9983,4
maliksohailwadd3,7538359487703403796,male,0.9968,4
amanda_hadzimichalis,7538120504113138957,female,0.9688,4
zanysena,7533721075583028493,female,0.9948,3
jokko2214,7537795378003987718,male,0.9606,3
trieukhanhnuhuong,7215400761423940891,male,0.9892,4
mattisoncurtlynn,7537313216767020301,female,0.9331,4
benjaminartssupplier254a,7516521448144391429,male,0.9583,1
benjaminartssupplier254a,7519036888636837176,male,0.9856,1
jokko2214,7538553826098302214,female,0.9967,2
cothuymc,7538214742234516754,female,0.9954,4
granorquesta.oficial,7532653904526429496,male,0.9955,4
beduyzuize,7538031665239657736,female,0.8768,2
rojruay2465,7259946487990193413,male,0.9192,4
isaacobrr,7536848318840737046,female,0.7225,1
sunerahkamal,7538107390097394962,female,0.998,4
elijahxsired,7537411251823987990,female,0.9932,4
budobrothers,7538410668513332536,male,0.997,4
anas_gm,7482766396858846519,male,0.9966,3
razvansilviu11,7536226704524627222,female,0.9257,4
dmitroignatov,7487118326074739973,male,0.9967,4
theabernice_,7531583262435691781,female,0.9974,4
ntentantt1,7536797316796255493,male,0.9091,4
filhadorei539,7411082700037065989,female,0.9123,4
alyseee_xofit,7519292528118517006,female,0.9982,1
paireyewear,7538190839017688351,female,0.9877,3
jadepacileo,7538512402057284894,female,0.9976,4
annieshorror_,7538120642210598166,female,0.998,4
chilly2x,7536729641977974046,male,0.9922,1
swlking,7530482770334846216,male,0.8919,3
pinky.hana.ammar,7535732622132071698,female,0.9965,4
goateebeardcare,7514766941333015813,male,0.997,4
bibaelegante,7536397218127858951,female,0.9969,4
geesteel1,7538551032930897175,female,0.9965,4
jaktodaleko,7538362582659271958,male,0.9655,3
bayron_c_n7,7535632099412380984,male,0.9124,1
samixstreets,7527291688075726087,male,0.9966,3
dailychoirs,7531657080810392854,female,0.8413,1
hamitjiyanbider,7497311849298316551,male,0.9894,2
lauren_angelina_,7533770769218718990,female,0.9971,1
siovera,7538550525915106573,female,0.998,4
tristen.erickson_,7537407476635880759,male,0.9944,2
qusaimlhem,7536267858645503240,male,0.997,3
iamkizii,7514695699351473414,male,0.9972,4
thegeomedic,7455147690352020744,male,0.9961,4
yulia_chash,7537599370733096198,female,0.9929,4
walid_alsaleh,7528084890970115336,male,0.998,4
hanh_moe,7537170391110864135,female,0.926,3
janiceglimmer,7532905427260984631,female,0.9977,4
yulia_chash,7535357320675527942,female,0.9979,4
9baii7,7538053252114353415,female,0.9975,4
mdshakiloffcial07,7538429328862858503,male,0.9643,4
denmark921,7516941128210418977,male,0.8403,1
alisonwilensky,7519373103600766222,female,0.9943,4
daliparedes94,7536031564950424837,female,0.9976,2
maliksohailwadd3,7538710597328850196,male,0.9649,4
jackthepoolboy,7473966517584121134,female,0.998,4
mamadramahr,7538384146431888662,female,0.8958,3
cocomartin_ccm,7538085122642332946,female,0.9945,4
dudufootz,7538464072551976198,male,0.9942,3
tortoise_walk,7518296511499848967,male,0.995,4
jormiellabador,7538646871317728530,female,0.9976,4
lorenelaplusbelle,7535939769432313110,female,0.9944,4
rolopolotv,7534863938916240646,male,0.9969,2
watan9464,7536617308760837398,male,0.9956,4
hashimss5,7518727677025619218,male,0.9889,1
alansleftnu,7536311193208687902,male,0.991,2
lyma.jkt,7518355675181878534,female,0.9049,4
100mak_officiel,7517030733194530053,male,0.9375,3
ageu_ribeiro,7536737075077434629,male,0.9974,2
antoinepintoofficial,7537536499173133586,male,0.9335,4
seydina1103,7538035054140771590,male,0.9898,4
jazdire,7537322041712659768,male,0.9967,4
tiktok.tabbi,7532938318493797687,female,0.9924,1
humanbrat_,7512904986662161695,female,0.9894,3
taipoov,7538389637027564856,male,0.9871,4
vitoriamassarico,7533395480991124741,female,0.9972,2
josepthovalle,7538251899032620294,male,0.9909,4
linlu_08,7354582257266429202,male,0.9899,4
cohenvoi.saigon,7506553276339375367,female,0.995,4
sasha.yakubova,7528068693469777170,female,0.9978,1
smarttech_ai,7538216932068183327,female,0.9681,1
noonja2530,7318014132458900741,female,0.9977,4
lovers_of_fig_trees,7536615750379801857,female,0.9605,1
jeosprojex,7497326712158489887,male,0.9666,3
alyseee_xofit,7519643467597876493,female,0.9975,3
hachireview74,7537302960414395655,female,0.9931,1
lovers_of_fig_trees,7538055391087742209,male,0.8997,3
ritlisistas,7525701701823712534,female,0.9962,4
haquechy_01,7534031526296571154,male,0.9759,4
mamiserce,7514384282811419911,male,0.9975,4
sunerahkamal,7538108245387250951,female,0.9979,4
thatguywhoduets,7522699961948065080,male,0.9976,4
daliparedes94,7536707812211035397,male,0.8358,1
olivialeclerc1,7535971500529061176,female,0.9979,4
rowwxee,7538709760053497096,female,0.9977,4
arnoldsaviour,7537332403493293317,male,0.958,4
dejjanicole,7537054154909289783,female,0.9901,2
elshinzhanerke1,7520182709281475896,female,0.9978,3
lahoussinebouizakarne75,7518532715558243590,female,0.9756,4
dudufootz,7538502843859225862,male,0.8914,1
summernoel_,7534849099586227511,female,0.997,4
juliaaraleigh,7524886552980229431,female,0.9981,4
chenarabdulqadir4,7538079861475233080,female,0.9958,4
dr_afiya_sadiqi,7530941803537632520,male,0.9932,3
razvansilviu11,7538037513496186134,male,0.9938,4
ajmanas.pool,7532883894710897927,male,0.9013,4
da.rafiki,7524410771036458253,female,0.9681,4
anhaiden2105,7529867500176051463,female,0.9746,1
iamkizii,7517352353004145976,female,0.9523,1
lakasud.com,7533538620922219784,male,0.9813,2
qaiserbumaye,7517138210825325829,male,0.9581,4
ntentantt1,7535032047300070712,male,0.9149,4
diaryoflalalindseay,7537726001904667935,female,0.9965,3
agentdamion,7410275903210589483,male,0.7517,1
rfmlofficiel,7519110223576042758,male,0.9933,4
_katemarie,7537899048850771213,female,0.998,4
papa.wade,7535896788755107077,male,0.9975,4
thantamthao47,7538352969742404872,female,0.9954,4
elshinzhanerke1,7538549301362855173,female,0.9952,3
jokko2214,7538214400558157062,female,0.9968,4
ferislasmistikaa,7354430651812039941,female,0.9708,4
soytonyet,7538412549520264470,male,0.9632,2
tristen.erickson_,7536254893049351438,male,0.995,3
ferislasmistikaa,7346738628984376582,female,0.9883,4
vieon.official,7538625667433303310,female,0.9977,4
mamanjolie324,7537316307084135736,female,0.995,3
radjai09,7515790554605620498,female,0.997,4
lifeofkenziew,7538426417382559006,female,0.9327,3
andrew_campen,7538646287739014431,male,0.9646,4
techtalkng,7535445152190582021,female,0.9933,3
diaryoflalalindseay,7533725101288721677,female,0.9977,4
colleeneferrer,7536886085104798984,female,0.9976,1
tiktok.tabbi,7530361966880214285,female,0.9889,4
amberdoigthorne,7496172365915671830,male,0.9884,4
sydnie_green,7538571262864543006,female,0.9957,4
overthinking.studio,7518362827338419464,male,0.9877,4
mohammadsohag94,7537148167343803656,male,0.9974,4
pjfperformance,7535865884817083703,male,0.9933,3
andrea_tamasi,7538052036227730743,female,0.9802,4
chuy.atleticos.y.refere,7518420409738399007,female,0.7836,2
imranyou55,7518297930705489160,male,0.9972,4
1amnotjamaila,7537166145195920661,female,0.9956,4
lolo_genx_,7515249109922745646,female,0.7966,2
dr_afiya_sadiqi,7531992962453081351,female,0.9054,3
bibaelegante,7537492456695287048,female,0.9647,4
andrew_campen,7538085297624534302,male,0.9936,2
jadepacileo,7538578828117937439,female,0.9976,4
clipeadoss,7520393174985100550,male,0.9881,4
syedsahidan,7508090255833042177,male,0.9858,4
jazdire,7516532755862228229,male,0.9842,4
alansleftnu,7535955779778514206,male,0.9457,4
woke_reg,7537803445030489357,male,0.9964,2
normanproton,7500407527679479047,male,0.9038,4
tranthutrang205,7537686375961742599,female,0.9977,3
rakibuddin493,7537353426213162247,female,0.9932,4
tristen.erickson_,7537369376589106446,male,0.9806,4
mayranotes,7535262459507133704,female,0.997,4
iloveyoudigital,7528901928470809863,female,0.9973,4
siovera,7537500716659723533,female,0.9982,4
