creator,video_id,predicted_label,prob_female,prob_male
yulia_chash,7535357320675527942,female,0.9979,0.0021
woke_reg,7537803445030489357,male,0.0036,0.9964
rence.d,7537984122828999944,female,0.5162,0.4838
guizin.eafc,7536244445402910008,male,0.0036,0.9964
iloveyoudigital,7537947842841824520,male,0.499,0.501
antoinepintoofficial,7536355743356734728,male,0.255,0.745
rakibuddin493,7538674314200091921,female,0.5062,0.4939
gymnadz,7536143353998576904,female,0.997,0.003
annieshorror_,7538141661902228758,female,0.9956,0.0044
islandgirl8173,7520464938293398797,female,0.9883,0.0117
sofiafierroq,7511577011890998584,female,0.9969,0.0031
bibaelegante,7537509725852749074,female,0.9969,0.0031
maliksohailwadd3,7538359487703403796,male,0.0032,0.9968
ageu_ribeiro,7535989895236553989,male,0.003,0.997
dejjanicole,7537238064310144286,female,0.9965,0.0035
lukaswala,7538478640229698838,male,0.0086,0.9914
joegambino2,7535929250130447671,male,0.0806,0.9194
lovers_of_fig_trees,7538055391087742209,male,0.0497,0.9503
sarahkatereynolds,7536369781625113911,female,0.9982,0.0019
maliksohailwadd3,7538710597328850196,male,0.0096,0.9904
nomonde_sky02,7535431779419770117,female,0.9947,0.0053
rensyschneider,7528948654938344709,male,0.0029,0.9971
littleyeg,7533738244484254990,male,0.002,0.998
lukaswala,7538108245009796374,male,0.0028,0.9972
mizuno.rikka,7533819707623853330,female,0.9932,0.0068
griggstv,7509828373900823838,male,0.4912,0.5089
saryvk,7537732037243948294,male,0.0023,0.9977
luiza_mayers,7522630111301012792,male,0.0022,0.9978
alyseee_xofit,7519292528118517006,female,0.9982,0.0018
jormiellabador,7537522000110161170,female,0.9941,0.0059
summernoel_,7534777710296517943,female,0.9912,0.0088
vieon.official,7538625667433303310,female,0.9977,0.0023
tashaeliett,7537128987936542007,female,0.9941,0.0058
tranthutrang205,7537686375961742599,female,0.9977,0.0023
hanji_gaming,7534945009972415751,female,0.9508,0.0492
netra_23,7504346269695905067,female,0.9715,0.0285
mirko_mormile,7536293176118627639,female,0.5051,0.4949
sergheimizil,7529453270775942422,male,0.0115,0.9885
amberdoigthorne,7493195268276391190,female,0.9973,0.0027
ce.decarla,7538103238298504450,female,0.9974,0.0026
panget_ako05,7517577976611998983,female,0.9936,0.0064
alenkahuliganka5,7537242628023225607,female,0.9708,0.0292
lovers_of_fig_trees,7536615750379801857,female,0.9605,0.0395
cboston16,7538594682213846285,female,0.9981,0.0019
chilly2x,7535985167668628767,female,0.505,0.495
mohammadsohag94,7537148167343803656,male,0.0026,0.9974
amanda_hadzimichalis,7538120504113138957,female,0.9938,0.0062
em1loba,7536033102498450695,female,0.997,0.003
hennen_workouts,7529600528838397214,male,0.0198,0.9802
clipeadoss,7520393174985100550,male,0.0119,0.9881
rg4_skiel,7531092278220197141,male,0.0032,0.9968
taipoov,7538413853533687046,female,0.7433,0.2567
lorenelaplusbelle,7535941689358421271,female,0.9975,0.0025
diaryoflalalindseay,7532561582740540686,female,0.9813,0.0186
9baii7,7538053252114353415,female,0.9975,0.0025
jadepacileo,7538545426287398175,female,0.9977,0.0023
tiktok.tabbi,7530775204759424269,female,0.9757,0.0243
thegeomedic,7442302373634018578,male,0.004,0.996
walid_alsaleh,7528084890970115336,male,0.002,0.998
falaserionedani,7534907571623251256,female,0.9959,0.0041
mayranotes,7535262459507133704,female,0.997,0.003
abbie_tolentino,7534298453019544840,female,0.9968,0.0032
mirko_mormile,7536690965667401015,male,0.002,0.998
ntentantt1,7536797316796255493,male,0.0177,0.9823
josepthovalle,7533407768569548038,male,0.0719,0.9281
jokko2214,7538553826098302214,female,0.9967,0.0033
zanysena,7533721075583028493,female,0.9948,0.0052
craftylumberjacks,7535160350379920670,male,0.0027,0.9973
theabernice_,7531583262435691781,female,0.9974,0.0026
rojruay2465,7259946487990193413,male,0.0411,0.9589
rfmlofficiel,7519110223576042758,male,0.0067,0.9933
abas_vlog,7531112062404021510,male,0.0021,0.9979
alabialasela4,7536311550362258711,male,0.0034,0.9966
stwoichs,7537579386325765398,female,0.9972,0.0028
yosoylauniversa,7532941379375353096,female,0.996,0.004
soytonyet,7538412549520264470,male,0.0368,0.9632
sunflow3rsamurai,7537860257842875678,female,0.9968,0.0032
hashimss5,7518727677025619218,male,0.0111,0.9889
papa.wade,7535896788755107077,male,0.0025,0.9975
csecseattila,7533656555359685910,male,0.0128,0.9872
smarttech_ai,7538216932068183327,female,0.9681,0.0319
gloriaflagbo,7421517761798769926,female,0.9956,0.0044
qusaimlhem,7536267858645503240,male,0.003,0.997
ben_le_patriote,7526901120761941270,male,0.002,0.998
arnoldsaviour,7536543442147544376,male,0.0081,0.9919
pcoscoachbarbie,7538430629021732103,female,0.998,0.002
lorenelaplusbelle,7536197429188676886,female,0.9943,0.0057
noonja2530,7320207811315649798,female,0.9845,0.0155
saoleyv,7535883205249977607,male,0.0032,0.9968
dmitroignatov,7486074950412012855,male,0.0022,0.9978
geesteel1,7530687706360204566,female,0.9977,0.0023
christianitycorett,7443867329336823073,male,0.0419,0.9581
jeosprojex,7534080386167557406,male,0.0115,0.9885
vitoriamassarico,7519582884953476357,female,0.9979,0.0021
haquechy_01,7531653174785248530,male,0.0073,0.9927
ageu_ribeiro,7536737075077434629,male,0.0025,0.9974
overthinking.studio,7518455301012507911,male,0.0035,0.9965
xmaciek00,7537749397237419286,male,0.0056,0.9944
kissaikouma,7538694746223496453,female,0.9971,0.0029
marielmedina90,7535994644673481992,female,0.9643,0.0357
andellelee,7535595118284262661,female,0.9789,0.0211
elshinzhanerke1,7519982810971573509,female,0.9979,0.0021
andrew_campen,7538085297624534302,male,0.0064,0.9936
simoncisnerospro,7537199290351930631,male,0.0183,0.9817
colleeneferrer,7536886085104798984,female,0.9976,0.0024
alicia.s5000,7519982202084510983,female,0.9974,0.0026
sydnie_green,7538571262864543006,female,0.9957,0.0043
qusaimlhem,7537735047600786706,male,0.0072,0.9928
lauren_angelina_,7523120382220487950,female,0.9979,0.0021
cancris7,7535431857798647058,male,0.0173,0.9827
isaacobrr,7536123377208151318,male,0.0823,0.9177
iamkizii,7517352353004145976,female,0.9523,0.0477
radjai09,7514662901483851026,female,0.9961,0.0039
nutcasejay,7530748744975830286,male,0.0038,0.9962
callmevaris,7537073344789712159,male,0.3438,0.6562
olivialeclerc1,7529356719818870021,female,0.9938,0.0062
dkhongan,7537161334471888146,female,0.9977,0.0023
1amnotjamaila,7537166145195920661,female,0.9956,0.0044
techcraze1,7528404097595215122,female,0.6407,0.3593
angiandderya,7537674637661015318,female,0.9908,0.0092
techcraze1,7519495474454285575,male,0.0068,0.9932
ridukushmidahit,7515658802725784850,female,0.9971,0.0028
misskarma01,7533905146238094597,female,0.9817,0.0183
ferislasmistikaa,7377559768149298438,female,0.9951,0.0049
straw_hat00,7537212296947305750,male,0.0059,0.9941
thatandu,7538466506678521110,male,0.0043,0.9957
chandrika_keralam,7508820281624988946,female,0.9981,0.0019
maciuss17,7537645736943521046,male,0.011,0.989
dimashreim,7535772839438486785,female,0.998,0.002
mizuno.rikka,7533465600971083015,female,0.9971,0.0028
watan9464,7536340130831879446,male,0.003,0.997
anhaiden2105,7529867500176051463,female,0.9746,0.0254
tristen.erickson_,7536254893049351438,male,0.005,0.995
mamiserce,7515480272641461522,male,0.0021,0.9979
trieukhanhnuhuong,7215400761423940891,male,0.0108,0.9892
islandgirl8173,7519508747446766903,female,0.986,0.014
thanhxuan1209,7511686949384539410,female,0.9975,0.0025
andrew_campen,7538646287739014431,male,0.0101,0.9899
laila_lailaq,7537335409756425477,female,0.9973,0.0027
dr_afiya_sadiqi,7531992962453081351,female,0.9875,0.0125
iloveyoudigital,7538304977823862023,female,0.9849,0.0152
raniel214,7537584812819893522,male,0.003,0.997
hannahevana,7537814588826373407,female,0.9976,0.0024
tortoise_walk,7508411451468500231,male,0.0435,0.9565
humanbrat_,7515819621421747486,female,0.9944,0.0056
andrea_tamasi,7537853798493048119,female,0.955,0.045
elleluishoppingbybikat11,7537447693891800326,female,0.9961,0.0039
ritlisistas,7527732752645459222,female,0.9977,0.0023
olivialeclerc1,7535971500529061176,female,0.9979,0.0021
goateebeardcare,7514766941333015813,male,0.003,0.997
mdshakiloffcial07,7538429328862858503,male,0.0357,0.9643
kennyroog,7531863754066169106,female,0.9977,0.0023
bahram.bahrami.cologne,7535500502302231810,male,0.0023,0.9977
rebecca.sowden,7532547852027890974,female,0.9908,0.0092
paireyewear,7538190839017688351,female,0.9877,0.0123
janiceglimmer,7532905427260984631,female,0.9977,0.0023
kashii996insta,7537621522068851990,female,0.9976,0.0024
lapiadiaz,7519746369200966930,female,0.997,0.003
abdoul.fatao.tarn4,7538401666647854392,female,0.9665,0.0335
abdoul.fatao.tarn4,7536720584378518789,male,0.0069,0.9931
tranthutrang205,7537919066829229319,female,0.9969,0.0031
janiceglimmer,7529182832892169485,female,0.9332,0.0668
alliecatcosplay,7538124514274675999,female,0.9976,0.0024
nisiaatewu,7530608827486588168,female,0.9969,0.0031
wyamarce,7536301396690210079,male,0.0101,0.9899
normanproton,7499142705491004690,male,0.0525,0.9475
clipeadoss,7517057064665910534,male,0.4988,0.5012
sergheimizil,7535142321461955862,male,0.0025,0.9975
misskarma01,7534319550167338296,female,0.9902,0.0098
reydynalrynaldi,7525694723542076690,male,0.0107,0.9892
jeosprojex,7497326712158489887,male,0.0334,0.9666
tipsfromdeadpeople,7520718549418102046,female,0.9954,0.0046
cohenvoi.saigon,7500778461913484562,female,0.9766,0.0234
syedsahidan,7508090255833042177,male,0.0142,0.9858
nancyqueenee_04,7535126176856067346,female,0.9975,0.0025
cancris7,7535434346631662855,male,0.019,0.981
erispatv,7515015902350331142,male,0.0053,0.9947
rezafzl.id07,7517180422992743698,female,0.5273,0.4727
lauren_angelina_,7520049957898882359,female,0.9976,0.0023
guizin.eafc,7537429382504205574,male,0.003,0.997
loveemanda,7537408846118145311,female,0.9982,0.0018
drareejzulfiqar,7529974929547218193,female,0.9938,0.0062
jokko2214,7538214400558157062,female,0.5209,0.4791
ageu_ribeiro,7537516254509157688,male,0.0033,0.9967
renzuwuu,7535761186403519762,female,0.9278,0.0722
baonguisnina,7538388929020579080,female,0.996,0.004
tristen.erickson_,7537407476635880759,male,0.0056,0.9944
_katemarie,7536996338370727199,female,0.995,0.005
amberdoigthorne,7496172365915671830,male,0.0116,0.9884
hlogihlowgiey1,7537275179949509944,male,0.2522,0.7479
filhadorei539,7410762374178753797,female,0.9975,0.0025
haquechy_01,7534031526296571154,male,0.0241,0.9759
ayoubcheri15,7536262545565322504,male,0.002,0.998
laila_lailaq,7537901747348475192,female,0.9977,0.0023
sasha.yakubova,7528068693469777170,female,0.9978,0.0022
..khatho,7538408734909828360,female,0.994,0.006
seydina1103,7536943621317217542,male,0.0375,0.9625
melissaseabra,7536947204829760824,female,0.998,0.002
adam.digital,7537312138516385032,male,0.0141,0.9859
rence.d,7537984487800474887,male,0.05,0.95
em1loba,7536302259819285778,female,0.9958,0.0042
thatguywhoduets,7522325947022888198,male,0.0022,0.9978
karen_in_qatar,7533199681426427143,female,0.9957,0.0043
stephanyandrea,7531134390097759518,female,0.9973,0.0027
helenowen,7537091726456950047,female,0.9931,0.0069
da.rafiki,7524410771036458253,female,0.9681,0.0319
andrew_campen,7538458433738001694,male,0.0456,0.9544
rensyschneider,7529733019645611270,male,0.0031,0.9969
beduyzuize,7538676023454420231,male,0.4905,0.5094
mryang_english,7506461036174740757,male,0.0029,0.9971
nokusho.zibhoma.1,7538694094722206983,male,0.0023,0.9977
pubersvragen,7517998661222059297,male,0.0146,0.9854
andrea_tamasi,7538052036227730743,female,0.9802,0.0197
thatguywhoduets,7523071396977609990,male,0.0025,0.9975
clipeadoss,7520768175680523576,female,0.9978,0.0022
alliecatcosplay,7536332422464523550,female,0.9963,0.0037
abby_bergman_0,7536116005924261140,female,0.9857,0.0143
overthinking.studio,7518362827338419464,male,0.0123,0.9877
bletkaaa,7536262062129892630,female,0.9789,0.0211
alisonwilensky,7518225123304869175,female,0.7491,0.2509
antoinepintoofficial,7537173379657256210,female,0.5039,0.4961
cothuymc,7538647579781795079,female,0.991,0.009
nokusho.zibhoma.1,7538577127352995090,male,0.0167,0.9833
dudufootz,7538192773514677560,male,0.0027,0.9973
trieukhanhnuhuong,7179076376778116378,male,0.0061,0.9939
muathaoxinh,7534344443122453768,female,0.9905,0.0095
normanproton,7500407527679479047,male,0.0416,0.9584
dkhongan,7538268961411058952,female,0.9873,0.0126
sarahkatereynolds,7537744786065771831,female,0.9978,0.0022
ntentantt1,7535032047300070712,male,0.0349,0.9651
tashaeliett,7536862635233381645,female,0.938,0.062
swlking,7536659550452108552,male,0.0025,0.9975
josejayparker,7536638554001362182,male,0.0031,0.9969
qaiserbumaye,7517138753144638776,male,0.0369,0.9631
babygirlulee,7523763086961003789,female,0.9975,0.0025
thegeomedic,7455147690352020744,male,0.0039,0.9961
malek.hac,7537026429180038422,female,0.9976,0.0024
techtalkng,7534791325267348742,male,0.0184,0.9816
sofiafierroq,7506717722999573816,female,0.6716,0.3284
foodiestefa_invita,7537445690780306694,male,0.3341,0.6659
_katemarie,7537899048850771213,female,0.998,0.002
younesidrissi_,7529819883861724449,female,0.9936,0.0064
angiandderya,7537735892656557334,female,0.9979,0.002
vitoriamassarico,7533395480991124741,female,0.9972,0.0028
netra_23,7505548345797086507,female,0.9974,0.0026
silvanarm_,7538294797216271634,female,0.9978,0.0022
panget_ako05,7518336768622529799,female,0.9961,0.0039
csecseattila,7536994179147255062,female,0.5,0.5
rakibuddin493,7538417583435959572,female,0.5023,0.4977
stwoichs,7533904311982755074,female,0.9969,0.0031
benjaminartssupplier254a,7516521448144391429,male,0.0417,0.9583
seydina1103,7537312447141547270,male,0.0037,0.9963
elshinzhanerke1,7538549301362855173,female,0.9952,0.0048
wiambaashar1,7538469636455632183,female,0.998,0.002
loveemanda,7538166352696184094,female,0.9977,0.0023
taipoov,7538389577241775366,male,0.0098,0.9902
elleluishoppingbybikat11,7537444538760138040,female,0.9922,0.0078
josepthovalle,7537519774314548486,male,0.4616,0.5384
hachireview74,7537302960414395655,female,0.9931,0.0069
eurovely,7510449874685545784,female,0.9485,0.0515
duydocau,7538389855651319047,male,0.0032,0.9968
keak_slot,7327491615080140050,female,0.9595,0.0405
alliecatcosplay,7538083483906854175,female,0.9973,0.0027
mamanjolie324,7537120226610040120,female,0.997,0.0029
lukaswala,7535142595555691799,male,0.0552,0.9448
puppy16hp,7527328206131563784,female,0.9828,0.0172
chandrika_keralam,7508818792185629960,female,0.9981,0.0019
dmitroignatov,7487118326074739973,male,0.0033,0.9967
siovera,7538550525915106573,female,0.998,0.002
helenowen,7537063406994492702,male,0.0644,0.9356
coumbashouse,7538660338040868101,female,0.9972,0.0028
marielmedina90,7530415685164436754,female,0.9752,0.0248
lifeofkenziew,7538550506252176670,female,0.9689,0.0311
arnoldsaviour,7537332403493293317,male,0.006,0.994
catluminati,7533833826754219319,male,0.0155,0.9845
melodiethecavapoo,7528112776351403278,male,0.034,0.966
dudufootz,7538464072551976198,male,0.0058,0.9942
lifeofkenziew,7538426417382559006,female,0.9577,0.0423
rowwxee,7538399982735609096,female,0.9981,0.0019
agentdamion,7436397030269799723,male,0.0576,0.9424
mdshakiloffcial07,7538057012706364690,male,0.0376,0.9624
mattisoncurtlynn,7537313216767020301,female,0.9568,0.0432
redisoncompany,7395299117687115041,male,0.0021,0.9979
erispatv,7514615833277041925,male,0.003,0.997
carrieberkk,7538571381080870199,female,0.9956,0.0044
cboston16,7536770982527143199,female,0.9928,0.0072
bayron_c_n7,7537386579678006584,male,0.0036,0.9964
walid_alsaleh,7527344126212197650,male,0.0017,0.9983
sana11rka44,7518287748059516178,female,0.9454,0.0546
bnkteamhihi,7515766890317221138,male,0.0057,0.9943
mayranotes,7538236979750718727,female,0.5012,0.4988
summernoel_,7534849099586227511,female,0.997,0.0029
fifatrainingcentre,7528289780430277910,male,0.0029,0.9971
pinky.hana.ammar,7537616686921338119,female,0.975,0.025
jadepacileo,7538512402057284894,female,0.9976,0.0024
cocomartin_ccm,7538459855128988936,male,0.004,0.996
ntentantt1,7538618481995009286,female,0.9024,0.0976
pjfperformance,7535865884817083703,male,0.0067,0.9933
sunerahkamal,7538108245387250951,female,0.9979,0.0021
lapiadiaz,7526762779865287943,female,0.9825,0.0175
khally_dance,7535151898463063301,male,0.0207,0.9793
erispatv,7515333074821876998,male,0.0151,0.9849
mamiserce,7514384282811419911,male,0.0025,0.9975
watan9464,7538478894882589974,male,0.0019,0.9981
geekoutmx,7537488400996125960,male,0.004,0.996
redisoncompany,7281215947476684064,male,0.0021,0.9979
jadepacileo,7538578828117937439,female,0.9976,0.0024
thantamthao47,7538352969742404872,female,0.9954,0.0046
alansleftnu,7535955779778514206,male,0.0217,0.9783
leniuszkiwtrasie,7532912869713726742,female,0.9976,0.0024
ajmanas.pool,7535407037744712978,male,0.0085,0.9915
iamjumo,7510341230258162975,female,0.9981,0.0019
lovers_of_fig_trees,7536994405903764753,male,0.0032,0.9968
aianajuarezofficial,7536210140740062472,female,0.9978,0.0022
cocomartin_ccm,7538085122642332946,female,0.9945,0.0055
samixstreets,7527291688075726087,male,0.303,0.697
sarahkatereynolds,7538654881242942775,female,0.9967,0.0033
mohammadsohag94,7536884812070587655,male,0.0022,0.9978
jazdire,7522888907822763320,male,0.0185,0.9815
sana11rka44,7517504156467334408,female,0.6501,0.3499
hlogihlowgiey1,7538530367549050120,male,0.3479,0.6521
lauren_angelina_,7533770769218718990,female,0.9971,0.0029
beautyby.nita,7537452727740222776,female,0.9287,0.0713
popsiclemaker_,7536005974616739085,male,0.0266,0.9734
tipsfromdeadpeople,7505131489986645278,male,0.0053,0.9947
laila_lailaq,7538609114147048711,female,0.9778,0.0222
pjfperformance,7534390860113284407,male,0.0046,0.9954
lakasud.com,7533538620922219784,male,0.0187,0.9813
ridukushmidahit,7508940382676241671,female,0.9969,0.0031
linlu_08,7393869656726965522,male,0.0064,0.9936
laurenlovelessss,7537460636406648119,female,0.9981,0.0019
tatobalderrama,7536338317940378936,male,0.0028,0.9972
littleyeg,7522551286915517710,female,0.9977,0.0023
sana11rka44,7517872866365279495,female,0.9709,0.0291
hannahevana,7538123428256140574,female,0.9975,0.0024
cocomartin_ccm,7538410158578257170,male,0.3568,0.6432
beautyby.nita,7538366736085617926,female,0.5,0.5
goateebeardcare,7512502882982382853,male,0.0026,0.9974
misskarma01,7534786559103536390,female,0.9974,0.0026
theabernice_,7533620725379337478,female,0.9945,0.0055
anas_gm,7477985301344963845,male,0.0047,0.9953
geesteel1,7538551032930897175,female,0.9965,0.0035
renzuwuu,7536872252881571090,female,0.9287,0.0713
deborahteran26,7538602008144547078,female,0.9962,0.0038
ethanadrian666,7355149853623602439,male,0.0204,0.9796
straw_hat00,7532940779451370774,male,0.0026,0.9974
simionflorin23,7422997704617315616,female,0.6689,0.3311
djhugogt,7460603545214307630,male,0.0023,0.9977
crazydaisymiami21,7519463295284235550,female,0.9968,0.0032
qaiserbumaye,7517138210825325829,male,0.0419,0.9581
hamitjiyanbider,7504758417471327496,male,0.0037,0.9963
foodiestefa_invita,7530714684119387398,female,0.9958,0.0042
papa.wade,7538129175572434232,male,0.0157,0.9843
angiandderya,7536946043678919958,female,0.9981,0.0019
jadzia.kim,7535942391572794657,female,0.998,0.002
rfmlofficiel,7520556381590621496,male,0.004,0.996
benjaminartssupplier254a,7519040428029529400,male,0.0385,0.9615
ayoubcheri15,7531787364159540498,male,0.0023,0.9977
lahoussinebouizakarne75,7518532715558243590,female,0.7333,0.2667
neh_oh,7537291929025809669,male,0.0124,0.9876
iloveyoudigital,7528901928470809863,female,0.5025,0.4975
bibaelegante,7537492456695287048,female,0.9954,0.0046
thatguywhoduets,7522699961948065080,male,0.0024,0.9976
rezafzl.id07,7517982631900744968,female,0.9372,0.0628
elijahxsired,7535207820090838274,male,0.0039,0.9961
simionflorin23,7200473559620177157,male,0.0031,0.9969
hachireview74,7528620276293176584,female,0.998,0.002
alisonwilensky,7519373103600766222,female,0.9943,0.0057
jadou_2528,7532893160964476182,female,0.998,0.002
iamjumo,7515485659734347039,female,0.9981,0.0019
rolopolotv,7534863938916240646,male,0.0032,0.9969
abdoul.fatao.tarn4,7536719468765154566,male,0.0031,0.9969
pinky.hana.ammar,7535732622132071698,female,0.9965,0.0035
summernoel_,7530661448293289271,female,0.9823,0.0177
sobanali54,7408128096605359367,male,0.0076,0.9924
reydynalrynaldi,7538463438100630792,male,0.0259,0.9741
swlking,7530482770334846216,male,0.0606,0.9394
pjfperformance,7536391305405025550,male,0.0246,0.9754
aboubacar_aminullah,7532048934647237894,male,0.0206,0.9794
mryang_english,7483836780060413239,male,0.352,0.648
andrea_tamasi,7538247525245996302,female,0.5152,0.4848
dejjanicole,7537210564414557453,female,0.9901,0.0099
adam.digital,7536920740252110098,male,0.0134,0.9866
puppy16hp,7521029367833562386,female,0.9973,0.0027
linstantnoodles_,7534458641517137166,male,0.0137,0.9863
nisiaatewu,7499477725774630152,female,0.9974,0.0026
amanda_hadzimichalis,7537876055302901005,female,0.9835,0.0165
andellelee,7537080664403840262,female,0.998,0.002
jadou_2528,7534065764874095894,female,0.9972,0.0028
juliaaraleigh,7529628717463637261,male,0.2526,0.7474
qaiserbumaye,7517139326988258566,male,0.0522,0.9478
sydnie_green,7538148944790998302,female,0.9773,0.0227
duydocau,7534684225920863496,male,0.0171,0.9829
lolo_genx_,7514060874794011950,female,0.9712,0.0287
dozoboss1,7531379052284939526,male,0.0119,0.9881
pinky.hana.ammar,7536155409615228168,female,0.9971,0.0029
thepandaman_official,7537818719645469966,male,0.3343,0.6657
abby_bergman_0,7537204924673690901,female,0.9966,0.0035
noonja2530,7318014132458900741,female,0.9977,0.0023
lahoussinebouizakarne75,7517047423831641400,male,0.0037,0.9963
giulianacascone2,7521473544295927062,female,0.9846,0.0154
lifeofkenziew,7538601144038247711,male,0.2495,0.7505
cboston16,7537437780821937439,female,0.998,0.002
binoddahal242,7518636340129434887,male,0.003,0.997
tokimino8236,7154675959914941723,female,0.9674,0.0326
muathaoxinh,7537684393054276872,female,0.9762,0.0238
yulia_chash,7537599370733096198,female,0.9929,0.0072
joegambino2,7537564900210527501,male,0.0083,0.9917
vieon.official,7538706310108384525,female,0.9953,0.0047
diaryoflalalindseay,7533725101288721677,female,0.9977,0.0023
watan9464,7536617308760837398,male,0.0044,0.9956
da.rafiki,7499930569048952107,male,0.0387,0.9613
raniel214,7529470225826237704,male,0.0427,0.9573
abbie_tolentino,7533954587141704967,female,0.9798,0.0202
xmaciek00,7536985554219437334,male,0.0024,0.9976
sergheimizil,7532796088395287830,male,0.0067,0.9933
techcraze1,7491315942744427783,male,0.003,0.997
razvansilviu11,7536226704524627222,female,0.9676,0.0324
annieshorror_,7538120642210598166,female,0.998,0.002
linhnguyenlb,7536909930910076161,female,0.9968,0.0032
falaserionedani,7538172758371388678,female,0.9968,0.0033
saoleyv,7505027927390555399,male,0.003,0.997
yosoylauniversa,7533348051277155602,female,0.9977,0.0022
tiktok.tabbi,7532938318493797687,female,0.9924,0.0076
chenarabdulqadir4,7538079861475233080,female,0.7475,0.2525
hanji_gaming,7536138523129236743,male,0.0517,0.9484
tortoise_walk,7518296511499848967,male,0.005,0.995
radjai09,7515790554605620498,female,0.997,0.0029
lorenelaplusbelle,7535939769432313110,female,0.9944,0.0056
dr_afiya_sadiqi,7530941803537632520,male,0.0068,0.9932
swlking,7534895563167304967,male,0.0037,0.9963
deborahteran26,7536384270533741830,female,0.9974,0.0026
juliaaraleigh,7524886552980229431,female,0.9981,0.0019
jokko2214,7537795378003987718,male,0.3588,0.6412
cotrim13d,7533711557574790405,male,0.0025,0.9975
pubersvragen,7505088766764207392,male,0.331,0.669
stwoichs,7535037878997634326,female,0.9976,0.0024
benjaminartssupplier254a,7519036888636837176,male,0.0144,0.9856
alyseee_xofit,7519643467597876493,female,0.9975,0.0025
malek.hac,7536290743996910870,female,0.9973,0.0027
dimashreim,7538425996265983248,female,0.9981,0.002
vieon.official,7538349480878378295,male,0.4929,0.5071
kissaikouma,7538656510847552824,male,0.2519,0.7481
100mak_officiel,7515001552768093445,male,0.0075,0.9925
alenkahuliganka5,7538369037160549640,female,0.7305,0.2695
granorquesta.oficial,7532586537511324933,male,0.0098,0.9901
iamkizii,7513530433414515973,female,0.5139,0.4861
rebecca.sowden,7533032839617465630,female,0.9922,0.0078
diaryoflalalindseay,7537726001904667935,female,0.9965,0.0035
jackthepoolboy,7511464925336784174,female,0.5006,0.4994
laurenlovelessss,7536307671268347191,female,0.9955,0.0045
mamanjolie324,7537316307084135736,female,0.995,0.005
ajmanas.pool,7532883894710897927,male,0.3574,0.6426
wiambaashar1,7533702483533729038,female,0.9978,0.0021
aianajuarezofficial,7535052924016282887,female,0.9799,0.0201
boogeraids01,7537459054398983455,male,0.0081,0.9919
lospayasosmasvirales,7529754258812554502,male,0.033,0.967
josejayparker,7536268717110414598,male,0.0023,0.9977
9baii7,7538489726102277397,female,0.9939,0.0061
ridukushmidahit,7513054261006519570,female,0.998,0.002
simoncisnerospro,7528967148308335880,female,0.9979,0.0021
tranthutrang205,7538105451427237138,female,0.9963,0.0037
sunerahkamal,7538107390097394962,female,0.998,0.002
saryvk,7538524702113877304,male,0.2514,0.7486
boburmma92,7510159680593743111,male,0.0029,0.9971
crazydaisymiami21,7519463531406724382,female,0.9968,0.0032
falaserionedani,7537824020872334648,female,0.9911,0.0089
geekoutmx,7532281349936385287,male,0.0026,0.9974
_katemarie,7537902474317942030,female,0.9978,0.0022
ggexotics,7461851955623660846,male,0.0038,0.9962
lea_navvab,7536961825468927253,female,0.997,0.0031
jessandjakeofficial,7486225192679738647,female,0.7489,0.2512
renzuwuu,7538377799871008018,female,0.9876,0.0124
chelseareads,7537709035332685069,female,0.9677,0.0323
younesidrissi_,7532172462549765408,male,0.0131,0.9869
shibalove,6883880750119259394,female,0.9815,0.0184
boburmma92,7523178194929831175,male,0.0447,0.9553
bibaelegante,7536397218127858951,female,0.9969,0.0031
arnoldsaviour,7538412315960462598,male,0.006,0.994
jessandjakeofficial,7480288277849787670,female,0.9976,0.0024
maliksohailwadd3,7538675144126942481,male,0.0157,0.9843
mirko_mormile,7534805693963029815,male,0.0023,0.9977
muathaoxinh,7536082128052800776,female,0.9782,0.0218
wyamarce,7536019591475039518,male,0.0132,0.9868
budobrothers,7537715394707066117,male,0.004,0.996
thepandaman_official,7535588896546098446,male,0.0031,0.9969
newemberwest,7538545979692240158,female,0.9979,0.0021
humanbrat_,7512904986662161695,female,0.9894,0.0106
alenkahuliganka5,7537715107971747090,female,0.9724,0.0276
boogeraids01,7535353770134342942,male,0.0019,0.9981
dozoboss1,7528149149653454136,male,0.0108,0.9892
granorquesta.oficial,7532653904526429496,male,0.0045,0.9955
bletkaaa,7536227696943238422,female,0.9979,0.0021
csecseattila,7525106058470116630,male,0.0099,0.9901
100mak_officiel,7517030733194530053,male,0.0141,0.9859
amanda_hadzimichalis,7537750886391500046,female,0.9565,0.0435
cohenvoi.saigon,7506553276339375367,female,0.995,0.0051
hannahevana,7538547473904700703,female,0.998,0.002
jaktodaleko,7537629489065446678,male,0.0081,0.9919
jormiellabador,7538646871317728530,female,0.9976,0.0024
rebecca.sowden,7530744112144780575,female,0.9955,0.0045
rowwxee,7538709760053497096,female,0.9977,0.0023
lakasud.com,7532822519384935688,female,0.9682,0.0318
rowwxee,7538389233686416658,female,0.998,0.002
malek.hac,7537711960838868247,female,0.9966,0.0034
trieukhanhnuhuong,7224135544047979781,male,0.0881,0.9119
jadou_2528,7532550009011621142,female,0.9971,0.0029
melissaseabra,7537697366078688568,male,0.0047,0.9953
lea_navvab,7537633980686814465,female,0.9974,0.0026
beautyby.nita,7538379072125046021,female,0.9971,0.0029
maciuss17,7535864724701875478,male,0.0655,0.9345
kennyroog,7533309738717662471,female,0.9972,0.0028
mayranotes,7535650929836576008,female,0.998,0.002
geesteel1,7536888353711525142,female,0.996,0.004
rensyschneider,7527865458045766968,male,0.004,0.996
reydynalrynaldi,7531646726415912210,female,0.7398,0.2602
ronald43m,7483977088773442871,male,0.0056,0.9944
filhadorei539,7411082700037065989,female,0.9824,0.0176
razvansilviu11,7538037513496186134,male,0.0062,0.9938
lea_navvab,7537855818000043280,female,0.9978,0.0022
mamanjolie324,7537334316368530694,female,0.997,0.003
ben_le_patriote,7495011387916225815,male,0.0024,0.9976
nisiaatewu,7533281846130527506,female,0.9859,0.0141
yulia_chash,7531493150800612613,female,0.9974,0.0026
adam.digital,7537662474703654152,male,0.0084,0.9916
elshinzhanerke1,7520182709281475896,female,0.6698,0.3302
gabytza001,7358086735026261281,male,0.0155,0.9845
ferislasmistikaa,7346738628984376582,female,0.9883,0.0117
ferislasmistikaa,7354430651812039941,female,0.9708,0.0293
qusaimlhem,7535964332316806418,male,0.002,0.9981
antoinepintoofficial,7537536499173133586,male,0.0524,0.9476
neh_oh,7535221918098640184,male,0.0025,0.9975
