config,image_weight,text_weight,query,rank,creator,score,relevant
visual_only,1.0,0.0,makeup,1,alliecatcosplay,0.2927,0
visual_only,1.0,0.0,makeup,2,amanda_hadzimichalis,0.2889,0
visual_only,1.0,0.0,makeup,3,..khatho,0.2878,0
visual_only,1.0,0.0,makeup,4,renzuwuu,0.2836,0
visual_only,1.0,0.0,makeup,5,bibaelegante,0.2829,0
visual_only,1.0,0.0,makeup,6,simoncisnerospro,0.2822,0
visual_only,1.0,0.0,makeup,7,sasha.yakubova,0.2808,0
visual_only,1.0,0.0,makeup,8,newemberwest,0.279,0
visual_only,1.0,0.0,makeup,9,malek.hac,0.2779,0
visual_only,1.0,0.0,makeup,10,puncha.patisserie,0.2779,0
visual_only,1.0,0.0,fitness,1,pjfperformance,0.3156,0
visual_only,1.0,0.0,fitness,2,boburmma92,0.2998,0
visual_only,1.0,0.0,fitness,3,alyseee_xofit,0.297,1
visual_only,1.0,0.0,fitness,4,user07824477,0.2947,0
visual_only,1.0,0.0,fitness,5,beduyzuize,0.2926,0
visual_only,1.0,0.0,fitness,6,alansleftnu,0.2868,0
visual_only,1.0,0.0,fitness,7,watan9464,0.2859,1
visual_only,1.0,0.0,fitness,8,diaryoflalalindseay,0.2833,1
visual_only,1.0,0.0,fitness,9,mirko_mormile,0.2811,0
visual_only,1.0,0.0,fitness,10,yulia_chash,0.2811,0
visual_only,1.0,0.0,cooking,1,kashii996insta,0.3133,1
visual_only,1.0,0.0,cooking,2,lasvegasfill,0.3073,1
visual_only,1.0,0.0,cooking,3,marielmedina90,0.3027,1
visual_only,1.0,0.0,cooking,4,ayoubcheri15,0.3009,1
visual_only,1.0,0.0,cooking,5,zyad_tasty,0.3007,1
visual_only,1.0,0.0,cooking,6,gymnadz,0.2967,0
visual_only,1.0,0.0,cooking,7,loveemanda,0.2954,0
visual_only,1.0,0.0,cooking,8,puncha.patisserie,0.2942,0
visual_only,1.0,0.0,cooking,9,lyma.jkt,0.2904,0
visual_only,1.0,0.0,cooking,10,gateauty,0.2903,1
visual_only,1.0,0.0,fashion,1,crazydaisymiami21,0.3023,0
visual_only,1.0,0.0,fashion,2,hachireview74,0.2871,0
visual_only,1.0,0.0,fashion,3,stephanyandrea,0.2808,1
visual_only,1.0,0.0,fashion,4,deborahteran26,0.279,0
visual_only,1.0,0.0,fashion,5,jadzia.kim,0.2767,0
visual_only,1.0,0.0,fashion,6,ce.decarla,0.2752,1
visual_only,1.0,0.0,fashion,7,dejjanicole,0.2747,0
visual_only,1.0,0.0,fashion,8,vieon.official,0.2728,0
visual_only,1.0,0.0,fashion,9,lospayasosmasvirales,0.2725,1
visual_only,1.0,0.0,fashion,10,bibaelegante,0.2724,0
visual_only,1.0,0.0,tech,1,adam.digital,0.3014,1
visual_only,1.0,0.0,tech,2,meikeire_,0.3008,0
visual_only,1.0,0.0,tech,3,user07824477,0.2996,0
visual_only,1.0,0.0,tech,4,smarttech_ai,0.2975,1
visual_only,1.0,0.0,tech,5,gabytza001,0.2947,0
visual_only,1.0,0.0,tech,6,techcraze1,0.2925,1
visual_only,1.0,0.0,tech,7,craftylumberjacks,0.2922,0
visual_only,1.0,0.0,tech,8,pjfperformance,0.2907,0
visual_only,1.0,0.0,tech,9,straw_hat00,0.2907,0
visual_only,1.0,0.0,tech,10,geekoutmx,0.2904,1
text_only,0.0,1.0,makeup,1,1amnotjamaila,0.8211,0
text_only,0.0,1.0,makeup,2,ridukushmidahit,0.8142,0
text_only,0.0,1.0,makeup,3,filhadorei539,0.8094,0
text_only,0.0,1.0,makeup,4,da.rafiki,0.8077,0
text_only,0.0,1.0,makeup,5,drareejzulfiqar,0.8052,0
text_only,0.0,1.0,makeup,6,barsha.panday4,0.7977,0
text_only,0.0,1.0,makeup,7,bnkteamhihi,0.7961,0
text_only,0.0,1.0,makeup,8,karen_in_qatar,0.7932,0
text_only,0.0,1.0,makeup,9,carrieberkk,0.7926,0
text_only,0.0,1.0,makeup,10,laurenlovelessss,0.7925,0
text_only,0.0,1.0,fitness,1,1amnotjamaila,0.8397,0
text_only,0.0,1.0,fitness,2,ridukushmidahit,0.8351,0
text_only,0.0,1.0,fitness,3,filhadorei539,0.8201,0
text_only,0.0,1.0,fitness,4,puppy16hp,0.8172,0
text_only,0.0,1.0,fitness,5,drareejzulfiqar,0.8168,0
text_only,0.0,1.0,fitness,6,cotrim13d,0.8161,0
text_only,0.0,1.0,fitness,7,malek.hac,0.816,0
text_only,0.0,1.0,fitness,8,silvanarm_,0.8141,0
text_only,0.0,1.0,fitness,9,ethanadrian666,0.8135,0
text_only,0.0,1.0,fitness,10,carrieberkk,0.8134,0
text_only,0.0,1.0,cooking,1,1amnotjamaila,0.8351,0
text_only,0.0,1.0,cooking,2,ridukushmidahit,0.832,0
text_only,0.0,1.0,cooking,3,filhadorei539,0.8257,0
text_only,0.0,1.0,cooking,4,drareejzulfiqar,0.8215,0
text_only,0.0,1.0,cooking,5,da.rafiki,0.8213,0
text_only,0.0,1.0,cooking,6,carrieberkk,0.8203,0
text_only,0.0,1.0,cooking,7,laurenlovelessss,0.8192,0
text_only,0.0,1.0,cooking,8,puppy16hp,0.8165,0
text_only,0.0,1.0,cooking,9,malek.hac,0.8165,0
text_only,0.0,1.0,cooking,10,cotrim13d,0.8157,0
text_only,0.0,1.0,fashion,1,1amnotjamaila,0.8433,0
text_only,0.0,1.0,fashion,2,ridukushmidahit,0.8367,0
text_only,0.0,1.0,fashion,3,drareejzulfiqar,0.8341,0
text_only,0.0,1.0,fashion,4,filhadorei539,0.8295,0
text_only,0.0,1.0,fashion,5,puppy16hp,0.8264,0
text_only,0.0,1.0,fashion,6,malek.hac,0.8256,0
text_only,0.0,1.0,fashion,7,cotrim13d,0.8239,0
text_only,0.0,1.0,fashion,8,silvanarm_,0.8238,0
text_only,0.0,1.0,fashion,9,wyamarce,0.8226,0
text_only,0.0,1.0,fashion,10,rakibuddin493,0.8224,0
text_only,0.0,1.0,tech,1,1amnotjamaila,0.8822,0
text_only,0.0,1.0,tech,2,drareejzulfiqar,0.8728,0
text_only,0.0,1.0,tech,3,ridukushmidahit,0.8721,0
text_only,0.0,1.0,tech,4,filhadorei539,0.8625,0
text_only,0.0,1.0,tech,5,carrieberkk,0.8604,0
text_only,0.0,1.0,tech,6,laurenlovelessss,0.856,0
text_only,0.0,1.0,tech,7,lea_navvab,0.8526,0
text_only,0.0,1.0,tech,8,wiambaashar1,0.8514,0
text_only,0.0,1.0,tech,9,bnkteamhihi,0.8506,0
text_only,0.0,1.0,tech,10,barsha.panday4,0.849,0
50_50,0.5,0.5,makeup,1,alliecatcosplay,0.6926,0
50_50,0.5,0.5,makeup,2,filhadorei539,0.6889,0
50_50,0.5,0.5,makeup,3,da.rafiki,0.6887,0
50_50,0.5,0.5,makeup,4,pjfperformance,0.6869,0
50_50,0.5,0.5,makeup,5,carrieberkk,0.6865,0
50_50,0.5,0.5,makeup,6,stephanyandrea,0.6854,0
50_50,0.5,0.5,makeup,7,ridukushmidahit,0.6853,0
50_50,0.5,0.5,makeup,8,goateebeardcare,0.6846,0
50_50,0.5,0.5,makeup,9,wiambaashar1,0.6837,0
50_50,0.5,0.5,makeup,10,drareejzulfiqar,0.6814,0
50_50,0.5,0.5,fitness,1,pjfperformance,0.7411,0
50_50,0.5,0.5,fitness,2,alansleftnu,0.7148,0
50_50,0.5,0.5,fitness,3,cotrim13d,0.7097,0
50_50,0.5,0.5,fitness,4,alyseee_xofit,0.7056,1
50_50,0.5,0.5,fitness,5,da.rafiki,0.7053,0
50_50,0.5,0.5,fitness,6,goateebeardcare,0.7042,0
50_50,0.5,0.5,fitness,7,diaryoflalalindseay,0.703,1
50_50,0.5,0.5,fitness,8,tashaeliett,0.7016,1
50_50,0.5,0.5,fitness,9,falaserionedani,0.6999,0
50_50,0.5,0.5,fitness,10,aianajuarezofficial,0.699,0
50_50,0.5,0.5,cooking,1,da.rafiki,0.7188,0
50_50,0.5,0.5,cooking,2,cotrim13d,0.7134,0
50_50,0.5,0.5,cooking,3,pjfperformance,0.7123,0
50_50,0.5,0.5,cooking,4,carrieberkk,0.7097,0
50_50,0.5,0.5,cooking,5,puncha.patisserie,0.709,0
50_50,0.5,0.5,cooking,6,alansleftnu,0.7066,0
50_50,0.5,0.5,cooking,7,goateebeardcare,0.7033,0
50_50,0.5,0.5,cooking,8,100mak_officiel,0.7026,0
50_50,0.5,0.5,cooking,9,em1loba,0.7022,0
50_50,0.5,0.5,cooking,10,jaktodaleko,0.6999,0
50_50,0.5,0.5,fashion,1,crazydaisymiami21,0.7194,0
50_50,0.5,0.5,fashion,2,karllagerfeld,0.7126,1
50_50,0.5,0.5,fashion,3,pjfperformance,0.7101,0
50_50,0.5,0.5,fashion,4,cotrim13d,0.7053,0
50_50,0.5,0.5,fashion,5,ridukushmidahit,0.7046,0
50_50,0.5,0.5,fashion,6,sunflow3rsamurai,0.7039,0
50_50,0.5,0.5,fashion,7,aianajuarezofficial,0.703,0
50_50,0.5,0.5,fashion,8,filhadorei539,0.7027,0
50_50,0.5,0.5,fashion,9,puppy16hp,0.7024,0
50_50,0.5,0.5,fashion,10,goateebeardcare,0.7016,0
50_50,0.5,0.5,tech,1,pjfperformance,0.7511,0
50_50,0.5,0.5,tech,2,drareejzulfiqar,0.7385,0
50_50,0.5,0.5,tech,3,gabytza001,0.738,0
50_50,0.5,0.5,tech,4,goateebeardcare,0.7324,0
50_50,0.5,0.5,tech,5,da.rafiki,0.7316,0
50_50,0.5,0.5,tech,6,cotrim13d,0.7286,0
50_50,0.5,0.5,tech,7,tashaeliett,0.7251,0
50_50,0.5,0.5,tech,8,rodricr527,0.7244,0
50_50,0.5,0.5,tech,9,mamiserce,0.7226,0
50_50,0.5,0.5,tech,10,100mak_officiel,0.7224,0
85_15,0.85,0.15,makeup,1,alliecatcosplay,0.4208,0
85_15,0.85,0.15,makeup,2,puncha.patisserie,0.411,0
85_15,0.85,0.15,makeup,3,renzuwuu,0.4101,0
85_15,0.85,0.15,makeup,4,simoncisnerospro,0.4072,0
85_15,0.85,0.15,makeup,5,craftylumberjacks,0.4062,0
85_15,0.85,0.15,makeup,6,stephanyandrea,0.4058,0
85_15,0.85,0.15,makeup,7,bibaelegante,0.4057,0
85_15,0.85,0.15,makeup,8,..khatho,0.4056,0
85_15,0.85,0.15,makeup,9,amanda_hadzimichalis,0.4044,0
85_15,0.85,0.15,makeup,10,sasha.yakubova,0.4032,0
85_15,0.85,0.15,fitness,1,pjfperformance,0.4626,0
85_15,0.85,0.15,fitness,2,user07824477,0.4304,0
85_15,0.85,0.15,fitness,3,boburmma92,0.4258,0
85_15,0.85,0.15,fitness,4,alyseee_xofit,0.4227,1
85_15,0.85,0.15,fitness,5,alansleftnu,0.4223,0
85_15,0.85,0.15,fitness,6,watan9464,0.4191,1
85_15,0.85,0.15,fitness,7,beduyzuize,0.4175,0
85_15,0.85,0.15,fitness,8,da.rafiki,0.4167,0
85_15,0.85,0.15,fitness,9,diaryoflalalindseay,0.4152,1
85_15,0.85,0.15,fitness,10,tashaeliett,0.4144,1
85_15,0.85,0.15,cooking,1,kashii996insta,0.4411,1
85_15,0.85,0.15,cooking,2,lasvegasfill,0.4398,1
85_15,0.85,0.15,cooking,3,marielmedina90,0.4348,1
85_15,0.85,0.15,cooking,4,puncha.patisserie,0.4332,0
85_15,0.85,0.15,cooking,5,ayoubcheri15,0.4295,1
85_15,0.85,0.15,cooking,6,loveemanda,0.427,0
85_15,0.85,0.15,cooking,7,zyad_tasty,0.425,1
85_15,0.85,0.15,cooking,8,da.rafiki,0.4234,0
85_15,0.85,0.15,cooking,9,gymnadz,0.4205,0
85_15,0.85,0.15,cooking,10,cohenvoi.saigon,0.4203,1
85_15,0.85,0.15,fashion,1,crazydaisymiami21,0.4423,0
85_15,0.85,0.15,fashion,2,hachireview74,0.4192,0
85_15,0.85,0.15,fashion,3,stephanyandrea,0.418,1
85_15,0.85,0.15,fashion,4,gabytza001,0.4113,0
85_15,0.85,0.15,fashion,5,dejjanicole,0.4104,0
85_15,0.85,0.15,fashion,6,pjfperformance,0.4094,0
85_15,0.85,0.15,fashion,7,jadzia.kim,0.4091,0
85_15,0.85,0.15,fashion,8,deborahteran26,0.4078,0
85_15,0.85,0.15,fashion,9,craftylumberjacks,0.4075,0
85_15,0.85,0.15,fashion,10,user07824477,0.4067,0
85_15,0.85,0.15,tech,1,pjfperformance,0.4468,0
85_15,0.85,0.15,tech,2,gabytza001,0.4457,0
85_15,0.85,0.15,tech,3,user07824477,0.441,0
85_15,0.85,0.15,tech,4,meikeire_,0.4365,0
85_15,0.85,0.15,tech,5,craftylumberjacks,0.4359,0
85_15,0.85,0.15,tech,6,adam.digital,0.4358,1
85_15,0.85,0.15,tech,7,straw_hat00,0.4316,0
85_15,0.85,0.15,tech,8,smarttech_ai,0.4315,1
85_15,0.85,0.15,tech,9,techcraze1,0.4299,1
85_15,0.85,0.15,tech,10,djhugogt,0.4278,0
15_85,0.15,0.85,makeup,1,1amnotjamaila,0.8094,0
15_85,0.15,0.85,makeup,2,ridukushmidahit,0.8088,0
15_85,0.15,0.85,makeup,3,filhadorei539,0.8076,0
15_85,0.15,0.85,makeup,4,da.rafiki,0.8035,0
15_85,0.15,0.85,makeup,5,drareejzulfiqar,0.8015,0
15_85,0.15,0.85,makeup,6,carrieberkk,0.7948,0
15_85,0.15,0.85,makeup,7,wiambaashar1,0.7913,0
15_85,0.15,0.85,makeup,8,barsha.panday4,0.7889,0
15_85,0.15,0.85,makeup,9,laurenlovelessss,0.7884,0
15_85,0.15,0.85,makeup,10,karen_in_qatar,0.7874,0
15_85,0.15,0.85,fitness,1,1amnotjamaila,0.831,0
15_85,0.15,0.85,fitness,2,ridukushmidahit,0.8282,0
15_85,0.15,0.85,fitness,3,filhadorei539,0.817,0
15_85,0.15,0.85,fitness,4,cotrim13d,0.8153,0
15_85,0.15,0.85,fitness,5,pjfperformance,0.8137,0
15_85,0.15,0.85,fitness,6,drareejzulfiqar,0.8132,0
15_85,0.15,0.85,fitness,7,carrieberkk,0.8125,0
15_85,0.15,0.85,fitness,8,puppy16hp,0.812,0
15_85,0.15,0.85,fitness,9,silvanarm_,0.8109,0
15_85,0.15,0.85,fitness,10,lea_navvab,0.8109,0
15_85,0.15,0.85,cooking,1,1amnotjamaila,0.8254,0
15_85,0.15,0.85,cooking,2,ridukushmidahit,0.8246,0
15_85,0.15,0.85,cooking,3,carrieberkk,0.8223,0
15_85,0.15,0.85,cooking,4,da.rafiki,0.8216,0
15_85,0.15,0.85,cooking,5,filhadorei539,0.8207,0
15_85,0.15,0.85,cooking,6,cotrim13d,0.8159,0
15_85,0.15,0.85,cooking,7,drareejzulfiqar,0.8155,0
15_85,0.15,0.85,cooking,8,laurenlovelessss,0.8139,0
15_85,0.15,0.85,cooking,9,puppy16hp,0.8132,0
15_85,0.15,0.85,cooking,10,wyamarce,0.8117,0
15_85,0.15,0.85,fashion,1,1amnotjamaila,0.8341,0
15_85,0.15,0.85,fashion,2,ridukushmidahit,0.8312,0
15_85,0.15,0.85,fashion,3,drareejzulfiqar,0.8276,0
15_85,0.15,0.85,fashion,4,filhadorei539,0.8269,0
15_85,0.15,0.85,fashion,5,puppy16hp,0.8219,0
15_85,0.15,0.85,fashion,6,cotrim13d,0.8203,0
15_85,0.15,0.85,fashion,7,lea_navvab,0.8201,0
15_85,0.15,0.85,fashion,8,carrieberkk,0.8195,0
15_85,0.15,0.85,fashion,9,malek.hac,0.8189,0
15_85,0.15,0.85,fashion,10,karllagerfeld,0.8188,1
15_85,0.15,0.85,tech,1,1amnotjamaila,0.8699,0
15_85,0.15,0.85,tech,2,drareejzulfiqar,0.8689,0
15_85,0.15,0.85,tech,3,ridukushmidahit,0.8617,0
15_85,0.15,0.85,tech,4,filhadorei539,0.8576,0
15_85,0.15,0.85,tech,5,carrieberkk,0.857,0
15_85,0.15,0.85,tech,6,laurenlovelessss,0.85,0
15_85,0.15,0.85,tech,7,lea_navvab,0.8481,0
15_85,0.15,0.85,tech,8,wiambaashar1,0.8442,0
15_85,0.15,0.85,tech,9,da.rafiki,0.8439,0
15_85,0.15,0.85,tech,10,bnkteamhihi,0.8431,0
